2025-05-27 11:36:36.851 [main] INFO  c.C.P.PersonalBlogApplication - Starting PersonalBlogApplication using Java 17.0.14 with PID 50300 (D:\GitHub\study\PersonalBlog\target\classes started by 刘文杰 in D:\GitHub\study\PersonalBlog)
2025-05-27 11:36:36.866 [main] INFO  c.C.P.PersonalBlogApplication - No active profile set, falling back to 1 default profile: "default"
2025-05-27 11:36:39.423 [main] INFO  o.s.d.r.c.RepositoryConfigurationDelegate - Multiple Spring Data modules found, entering strict repository configuration mode
2025-05-27 11:36:39.425 [main] INFO  o.s.d.r.c.RepositoryConfigurationDelegate - Bootstrapping Spring Data JPA repositories in DEFAULT mode.
2025-05-27 11:36:39.871 [main] INFO  o.s.d.r.c.RepositoryConfigurationDelegate - Finished Spring Data repository scanning in 434 ms. Found 10 JPA repository interfaces.
2025-05-27 11:36:39.895 [main] INFO  o.s.d.r.c.RepositoryConfigurationDelegate - Multiple Spring Data modules found, entering strict repository configuration mode
2025-05-27 11:36:39.897 [main] INFO  o.s.d.r.c.RepositoryConfigurationDelegate - Bootstrapping Spring Data Redis repositories in DEFAULT mode.
2025-05-27 11:36:39.920 [main] INFO  o.s.d.r.c.RepositoryConfigurationExtensionSupport - Spring Data Redis - Could not safely identify store assignment for repository candidate interface com.CloudWhite.PersonalBlog.Dao.article.articleDao; If you want this repository to be a Redis repository, consider annotating your entities with one of these annotations: org.springframework.data.redis.core.RedisHash (preferred), or consider extending one of the following types with your repository: org.springframework.data.keyvalue.repository.KeyValueRepository
2025-05-27 11:36:39.920 [main] INFO  o.s.d.r.c.RepositoryConfigurationExtensionSupport - Spring Data Redis - Could not safely identify store assignment for repository candidate interface com.CloudWhite.PersonalBlog.Dao.article.articleInfoDao; If you want this repository to be a Redis repository, consider annotating your entities with one of these annotations: org.springframework.data.redis.core.RedisHash (preferred), or consider extending one of the following types with your repository: org.springframework.data.keyvalue.repository.KeyValueRepository
2025-05-27 11:36:39.920 [main] INFO  o.s.d.r.c.RepositoryConfigurationExtensionSupport - Spring Data Redis - Could not safely identify store assignment for repository candidate interface com.CloudWhite.PersonalBlog.Dao.DTO.tokenDao; If you want this repository to be a Redis repository, consider annotating your entities with one of these annotations: org.springframework.data.redis.core.RedisHash (preferred), or consider extending one of the following types with your repository: org.springframework.data.keyvalue.repository.KeyValueRepository
2025-05-27 11:36:39.921 [main] INFO  o.s.d.r.c.RepositoryConfigurationExtensionSupport - Spring Data Redis - Could not safely identify store assignment for repository candidate interface com.CloudWhite.PersonalBlog.Dao.friendListDao; If you want this repository to be a Redis repository, consider annotating your entities with one of these annotations: org.springframework.data.redis.core.RedisHash (preferred), or consider extending one of the following types with your repository: org.springframework.data.keyvalue.repository.KeyValueRepository
2025-05-27 11:36:39.921 [main] INFO  o.s.d.r.c.RepositoryConfigurationExtensionSupport - Spring Data Redis - Could not safely identify store assignment for repository candidate interface com.CloudWhite.PersonalBlog.Dao.messageDao; If you want this repository to be a Redis repository, consider annotating your entities with one of these annotations: org.springframework.data.redis.core.RedisHash (preferred), or consider extending one of the following types with your repository: org.springframework.data.keyvalue.repository.KeyValueRepository
2025-05-27 11:36:39.921 [main] INFO  o.s.d.r.c.RepositoryConfigurationExtensionSupport - Spring Data Redis - Could not safely identify store assignment for repository candidate interface com.CloudWhite.PersonalBlog.Dao.notice.noticeDao; If you want this repository to be a Redis repository, consider annotating your entities with one of these annotations: org.springframework.data.redis.core.RedisHash (preferred), or consider extending one of the following types with your repository: org.springframework.data.keyvalue.repository.KeyValueRepository
2025-05-27 11:36:39.922 [main] INFO  o.s.d.r.c.RepositoryConfigurationExtensionSupport - Spring Data Redis - Could not safely identify store assignment for repository candidate interface com.CloudWhite.PersonalBlog.Dao.notice.noticeInfoDao; If you want this repository to be a Redis repository, consider annotating your entities with one of these annotations: org.springframework.data.redis.core.RedisHash (preferred), or consider extending one of the following types with your repository: org.springframework.data.keyvalue.repository.KeyValueRepository
2025-05-27 11:36:39.922 [main] INFO  o.s.d.r.c.RepositoryConfigurationExtensionSupport - Spring Data Redis - Could not safely identify store assignment for repository candidate interface com.CloudWhite.PersonalBlog.Dao.projectDao; If you want this repository to be a Redis repository, consider annotating your entities with one of these annotations: org.springframework.data.redis.core.RedisHash (preferred), or consider extending one of the following types with your repository: org.springframework.data.keyvalue.repository.KeyValueRepository
2025-05-27 11:36:39.922 [main] INFO  o.s.d.r.c.RepositoryConfigurationExtensionSupport - Spring Data Redis - Could not safely identify store assignment for repository candidate interface com.CloudWhite.PersonalBlog.Dao.starDao; If you want this repository to be a Redis repository, consider annotating your entities with one of these annotations: org.springframework.data.redis.core.RedisHash (preferred), or consider extending one of the following types with your repository: org.springframework.data.keyvalue.repository.KeyValueRepository
2025-05-27 11:36:39.922 [main] INFO  o.s.d.r.c.RepositoryConfigurationExtensionSupport - Spring Data Redis - Could not safely identify store assignment for repository candidate interface com.CloudWhite.PersonalBlog.Dao.userDao; If you want this repository to be a Redis repository, consider annotating your entities with one of these annotations: org.springframework.data.redis.core.RedisHash (preferred), or consider extending one of the following types with your repository: org.springframework.data.keyvalue.repository.KeyValueRepository
2025-05-27 11:36:39.923 [main] INFO  o.s.d.r.c.RepositoryConfigurationDelegate - Finished Spring Data repository scanning in 13 ms. Found 0 Redis repository interfaces.
2025-05-27 11:36:41.140 [main] INFO  o.s.b.w.e.tomcat.TomcatWebServer - Tomcat initialized with port 8081 (http)
2025-05-27 11:36:41.155 [main] INFO  o.a.coyote.http11.Http11NioProtocol - Initializing ProtocolHandler ["http-nio-8081"]
2025-05-27 11:36:41.157 [main] INFO  o.a.catalina.core.StandardService - Starting service [Tomcat]
2025-05-27 11:36:41.157 [main] INFO  o.a.catalina.core.StandardEngine - Starting Servlet engine: [Apache Tomcat/10.1.39]
2025-05-27 11:36:41.267 [main] INFO  o.a.c.c.C.[Tomcat].[localhost].[/] - Initializing Spring embedded WebApplicationContext
2025-05-27 11:36:41.268 [main] INFO  o.s.b.w.s.c.ServletWebServerApplicationContext - Root WebApplicationContext: initialization completed in 4157 ms
2025-05-27 11:36:41.523 [main] INFO  o.h.jpa.internal.util.LogHelper - HHH000204: Processing PersistenceUnitInfo [name: default]
2025-05-27 11:36:41.627 [main] INFO  org.hibernate.Version - HHH000412: Hibernate ORM core version 6.6.11.Final
2025-05-27 11:36:41.696 [main] INFO  o.h.c.i.RegionFactoryInitiator - HHH000026: Second-level cache disabled
2025-05-27 11:36:42.107 [main] INFO  o.s.o.j.p.SpringPersistenceUnitInfo - No LoadTimeWeaver setup: ignoring JPA class transformer
2025-05-27 11:36:42.146 [main] INFO  com.zaxxer.hikari.HikariDataSource - HikariPool-1 - Starting...
2025-05-27 11:36:42.309 [main] INFO  com.zaxxer.hikari.pool.HikariPool - HikariPool-1 - Added connection com.mysql.cj.jdbc.ConnectionImpl@2213854b
2025-05-27 11:36:42.311 [main] INFO  com.zaxxer.hikari.HikariDataSource - HikariPool-1 - Start completed.
2025-05-27 11:36:42.382 [main] WARN  org.hibernate.orm.deprecation - HHH90000025: MySQL8Dialect does not need to be specified explicitly using 'hibernate.dialect' (remove the property setting and it will be selected by default)
2025-05-27 11:36:42.383 [main] WARN  org.hibernate.orm.deprecation - HHH90000026: MySQL8Dialect has been deprecated; use org.hibernate.dialect.MySQLDialect instead
2025-05-27 11:36:42.406 [main] INFO  o.hibernate.orm.connections.pooling - HHH10001005: Database info:
	Database JDBC URL [Connecting through datasource 'HikariDataSource (HikariPool-1)']
	Database driver: undefined/unknown
	Database version: 8.0
	Autocommit mode: undefined/unknown
	Isolation level: undefined/unknown
	Minimum pool size: undefined/unknown
	Maximum pool size: undefined/unknown
2025-05-27 11:36:43.834 [main] INFO  o.h.e.t.j.p.i.JtaPlatformInitiator - HHH000489: No JTA platform available (set 'hibernate.transaction.jta.platform' to enable JTA platform integration)
2025-05-27 11:36:43.837 [main] INFO  o.s.o.j.LocalContainerEntityManagerFactoryBean - Initialized JPA EntityManagerFactory for persistence unit 'default'
2025-05-27 11:36:44.368 [main] INFO  o.s.d.j.r.query.QueryEnhancerFactory - Hibernate is in classpath; If applicable, HQL parser will be used.
2025-05-27 11:36:49.281 [main] INFO  org.redisson.Version - Redisson 3.23.3
2025-05-27 11:36:49.528 [redisson-netty-5-5] INFO  o.r.c.p.MasterPubSubConnectionPool - 1 connections initialized for 127.0.0.1/127.0.0.1:6379
2025-05-27 11:36:49.637 [redisson-netty-5-19] INFO  o.r.c.pool.MasterConnectionPool - 24 connections initialized for 127.0.0.1/127.0.0.1:6379
2025-05-27 11:36:50.071 [main] DEBUG c.C.P.D.m.getAllRecentMessagesForAllFriends - ==>  Preparing: SELECT LEAST(u1.user_id, u2.user_id) AS user_id, GREATEST(u1.user_id, u2.user_id) AS friend_id, m.message_id, m.sender_name, m.receiver_name, m.message, m.send_time FROM friendlist f JOIN user u1 ON f.user_id = u1.user_id JOIN user u2 ON f.friend_id = u2.user_id JOIN ( SELECT sender_name, receiver_name, message_id, message, send_time FROM ( SELECT *, ROW_NUMBER() OVER ( PARTITION BY CASE WHEN sender_name < receiver_name THEN CONCAT(sender_name, '_', receiver_name) ELSE CONCAT(receiver_name, '_', sender_name) END ORDER BY send_time DESC ) AS rn FROM message ) t WHERE rn <= 10 ) m ON ( (m.sender_name = u1.username AND m.receiver_name = u2.username) OR (m.sender_name = u2.username AND m.receiver_name = u1.username) ) WHERE u1.user_id < u2.user_id ORDER BY user_id, friend_id, send_time DESC;
2025-05-27 11:36:50.081 [main] DEBUG c.C.P.D.m.getAllRecentMessagesForAllFriends - ==> Parameters: 
2025-05-27 11:36:50.096 [main] TRACE c.C.P.D.m.getAllRecentMessagesForAllFriends - <==    Columns: user_id, friend_id, message_id, sender_name, receiver_name, message, send_time
2025-05-27 11:36:50.100 [main] TRACE c.C.P.D.m.getAllRecentMessagesForAllFriends - <==        Row: 1, 2, 1, liuwenjie, fengjiewei, <<BLOB>>, 2025-05-17 14:37:24.703
2025-05-27 11:36:50.103 [main] TRACE c.C.P.D.m.getAllRecentMessagesForAllFriends - <==        Row: 1, 10, 2, liuwenjie, zhangjunwei, <<BLOB>>, 2025-05-17 14:37:53.243
2025-05-27 11:36:50.103 [main] DEBUG c.C.P.D.m.getAllRecentMessagesForAllFriends - <==      Total: 2
2025-05-27 11:36:50.882 [main] INFO  o.s.v.b.OptionalValidatorFactoryBean - Failed to set up a Bean Validation provider: jakarta.validation.NoProviderFoundException: Unable to create a Configuration, because no Jakarta Bean Validation provider could be found. Add a provider like Hibernate Validator (RI) to your classpath.
2025-05-27 11:36:51.108 [main] WARN  o.s.b.a.t.ThymeleafAutoConfiguration$DefaultTemplateResolverConfiguration - Cannot find template location: classpath:/templates/ (please add some templates, check your Thymeleaf configuration, or set spring.thymeleaf.check-template-location=false)
2025-05-27 11:36:51.499 [main] WARN  o.s.b.a.s.s.UserDetailsServiceAutoConfiguration - 

Using generated security password: 2d3a0b40-7b6f-4a15-89ef-633837ea48ab

This generated password is for development use only. Your security configuration must be updated before running your application in production.

2025-05-27 11:36:51.522 [main] INFO  o.s.s.c.a.a.c.InitializeUserDetailsBeanManagerConfigurer$InitializeUserDetailsManagerConfigurer - Global AuthenticationManager configured with UserDetailsService bean with name inMemoryUserDetailsManager
2025-05-27 11:36:52.310 [main] WARN  o.s.b.a.o.j.JpaBaseConfiguration$JpaWebConfiguration - spring.jpa.open-in-view is enabled by default. Therefore, database queries may be performed during view rendering. Explicitly configure spring.jpa.open-in-view to disable this warning
2025-05-27 11:36:52.960 [main] INFO  o.a.coyote.http11.Http11NioProtocol - Starting ProtocolHandler ["http-nio-8081"]
2025-05-27 11:36:52.971 [main] INFO  o.s.b.w.e.tomcat.TomcatWebServer - Tomcat started on port 8081 (http) with context path '/'
2025-05-27 11:36:52.985 [main] INFO  c.C.P.PersonalBlogApplication - Started PersonalBlogApplication in 17.513 seconds (process running for 20.665)
2025-05-27 11:36:53.123 [scheduling-1] WARN  o.h.p.entity.AbstractEntityPersister - HHH000502: The [user] property of the [com.CloudWhite.PersonalBlog.Entity.article.article] entity was modified, but it won't be updated because the property is immutable.
2025-05-27 11:36:53.125 [scheduling-1] WARN  o.h.p.entity.AbstractEntityPersister - HHH000502: The [user] property of the [com.CloudWhite.PersonalBlog.Entity.article.article] entity was modified, but it won't be updated because the property is immutable.
2025-05-27 11:36:53.125 [scheduling-1] WARN  o.h.p.entity.AbstractEntityPersister - HHH000502: The [user] property of the [com.CloudWhite.PersonalBlog.Entity.article.article] entity was modified, but it won't be updated because the property is immutable.
2025-05-27 11:36:53.125 [scheduling-1] WARN  o.h.p.entity.AbstractEntityPersister - HHH000502: The [user] property of the [com.CloudWhite.PersonalBlog.Entity.article.article] entity was modified, but it won't be updated because the property is immutable.
2025-05-27 11:36:53.125 [scheduling-1] WARN  o.h.p.entity.AbstractEntityPersister - HHH000502: The [user] property of the [com.CloudWhite.PersonalBlog.Entity.article.article] entity was modified, but it won't be updated because the property is immutable.
2025-05-27 11:36:53.126 [scheduling-1] WARN  o.h.p.entity.AbstractEntityPersister - HHH000502: The [user] property of the [com.CloudWhite.PersonalBlog.Entity.article.article] entity was modified, but it won't be updated because the property is immutable.
2025-05-27 11:36:53.127 [scheduling-1] WARN  o.h.p.entity.AbstractEntityPersister - HHH000502: The [user] property of the [com.CloudWhite.PersonalBlog.Entity.article.article] entity was modified, but it won't be updated because the property is immutable.
2025-05-27 11:37:02.865 [http-nio-8081-exec-2] INFO  o.a.c.c.C.[Tomcat].[localhost].[/] - Initializing Spring DispatcherServlet 'dispatcherServlet'
2025-05-27 11:37:02.866 [http-nio-8081-exec-2] INFO  o.s.web.servlet.DispatcherServlet - Initializing Servlet 'dispatcherServlet'
2025-05-27 11:37:02.867 [http-nio-8081-exec-2] INFO  o.s.web.servlet.DispatcherServlet - Completed initialization in 1 ms
2025-05-27 11:38:50.553 [SpringApplicationShutdownHook] INFO  o.s.b.w.e.tomcat.GracefulShutdown - Commencing graceful shutdown. Waiting for active requests to complete
2025-05-27 11:38:51.134 [tomcat-shutdown] INFO  o.s.b.w.e.tomcat.GracefulShutdown - Graceful shutdown complete
2025-05-27 11:38:51.166 [SpringApplicationShutdownHook] INFO  o.s.o.j.LocalContainerEntityManagerFactoryBean - Closing JPA EntityManagerFactory for persistence unit 'default'
2025-05-27 11:38:51.168 [SpringApplicationShutdownHook] INFO  com.zaxxer.hikari.HikariDataSource - HikariPool-1 - Shutdown initiated...
2025-05-27 11:38:51.176 [SpringApplicationShutdownHook] INFO  com.zaxxer.hikari.HikariDataSource - HikariPool-1 - Shutdown completed.
2025-05-27 11:39:12.666 [main] INFO  c.C.P.PersonalBlogApplication - Starting PersonalBlogApplication using Java 17.0.14 with PID 41472 (D:\GitHub\study\PersonalBlog\target\classes started by 刘文杰 in D:\GitHub\study\PersonalBlog)
2025-05-27 11:39:12.670 [main] INFO  c.C.P.PersonalBlogApplication - No active profile set, falling back to 1 default profile: "default"
2025-05-27 11:39:13.781 [main] INFO  o.s.d.r.c.RepositoryConfigurationDelegate - Multiple Spring Data modules found, entering strict repository configuration mode
2025-05-27 11:39:13.783 [main] INFO  o.s.d.r.c.RepositoryConfigurationDelegate - Bootstrapping Spring Data JPA repositories in DEFAULT mode.
2025-05-27 11:39:14.043 [main] INFO  o.s.d.r.c.RepositoryConfigurationDelegate - Finished Spring Data repository scanning in 249 ms. Found 10 JPA repository interfaces.
2025-05-27 11:39:14.061 [main] INFO  o.s.d.r.c.RepositoryConfigurationDelegate - Multiple Spring Data modules found, entering strict repository configuration mode
2025-05-27 11:39:14.063 [main] INFO  o.s.d.r.c.RepositoryConfigurationDelegate - Bootstrapping Spring Data Redis repositories in DEFAULT mode.
2025-05-27 11:39:14.083 [main] INFO  o.s.d.r.c.RepositoryConfigurationExtensionSupport - Spring Data Redis - Could not safely identify store assignment for repository candidate interface com.CloudWhite.PersonalBlog.Dao.article.articleDao; If you want this repository to be a Redis repository, consider annotating your entities with one of these annotations: org.springframework.data.redis.core.RedisHash (preferred), or consider extending one of the following types with your repository: org.springframework.data.keyvalue.repository.KeyValueRepository
2025-05-27 11:39:14.083 [main] INFO  o.s.d.r.c.RepositoryConfigurationExtensionSupport - Spring Data Redis - Could not safely identify store assignment for repository candidate interface com.CloudWhite.PersonalBlog.Dao.article.articleInfoDao; If you want this repository to be a Redis repository, consider annotating your entities with one of these annotations: org.springframework.data.redis.core.RedisHash (preferred), or consider extending one of the following types with your repository: org.springframework.data.keyvalue.repository.KeyValueRepository
2025-05-27 11:39:14.083 [main] INFO  o.s.d.r.c.RepositoryConfigurationExtensionSupport - Spring Data Redis - Could not safely identify store assignment for repository candidate interface com.CloudWhite.PersonalBlog.Dao.DTO.tokenDao; If you want this repository to be a Redis repository, consider annotating your entities with one of these annotations: org.springframework.data.redis.core.RedisHash (preferred), or consider extending one of the following types with your repository: org.springframework.data.keyvalue.repository.KeyValueRepository
2025-05-27 11:39:14.083 [main] INFO  o.s.d.r.c.RepositoryConfigurationExtensionSupport - Spring Data Redis - Could not safely identify store assignment for repository candidate interface com.CloudWhite.PersonalBlog.Dao.friendListDao; If you want this repository to be a Redis repository, consider annotating your entities with one of these annotations: org.springframework.data.redis.core.RedisHash (preferred), or consider extending one of the following types with your repository: org.springframework.data.keyvalue.repository.KeyValueRepository
2025-05-27 11:39:14.084 [main] INFO  o.s.d.r.c.RepositoryConfigurationExtensionSupport - Spring Data Redis - Could not safely identify store assignment for repository candidate interface com.CloudWhite.PersonalBlog.Dao.messageDao; If you want this repository to be a Redis repository, consider annotating your entities with one of these annotations: org.springframework.data.redis.core.RedisHash (preferred), or consider extending one of the following types with your repository: org.springframework.data.keyvalue.repository.KeyValueRepository
2025-05-27 11:39:14.084 [main] INFO  o.s.d.r.c.RepositoryConfigurationExtensionSupport - Spring Data Redis - Could not safely identify store assignment for repository candidate interface com.CloudWhite.PersonalBlog.Dao.notice.noticeDao; If you want this repository to be a Redis repository, consider annotating your entities with one of these annotations: org.springframework.data.redis.core.RedisHash (preferred), or consider extending one of the following types with your repository: org.springframework.data.keyvalue.repository.KeyValueRepository
2025-05-27 11:39:14.084 [main] INFO  o.s.d.r.c.RepositoryConfigurationExtensionSupport - Spring Data Redis - Could not safely identify store assignment for repository candidate interface com.CloudWhite.PersonalBlog.Dao.notice.noticeInfoDao; If you want this repository to be a Redis repository, consider annotating your entities with one of these annotations: org.springframework.data.redis.core.RedisHash (preferred), or consider extending one of the following types with your repository: org.springframework.data.keyvalue.repository.KeyValueRepository
2025-05-27 11:39:14.086 [main] INFO  o.s.d.r.c.RepositoryConfigurationExtensionSupport - Spring Data Redis - Could not safely identify store assignment for repository candidate interface com.CloudWhite.PersonalBlog.Dao.projectDao; If you want this repository to be a Redis repository, consider annotating your entities with one of these annotations: org.springframework.data.redis.core.RedisHash (preferred), or consider extending one of the following types with your repository: org.springframework.data.keyvalue.repository.KeyValueRepository
2025-05-27 11:39:14.086 [main] INFO  o.s.d.r.c.RepositoryConfigurationExtensionSupport - Spring Data Redis - Could not safely identify store assignment for repository candidate interface com.CloudWhite.PersonalBlog.Dao.starDao; If you want this repository to be a Redis repository, consider annotating your entities with one of these annotations: org.springframework.data.redis.core.RedisHash (preferred), or consider extending one of the following types with your repository: org.springframework.data.keyvalue.repository.KeyValueRepository
2025-05-27 11:39:14.086 [main] INFO  o.s.d.r.c.RepositoryConfigurationExtensionSupport - Spring Data Redis - Could not safely identify store assignment for repository candidate interface com.CloudWhite.PersonalBlog.Dao.userDao; If you want this repository to be a Redis repository, consider annotating your entities with one of these annotations: org.springframework.data.redis.core.RedisHash (preferred), or consider extending one of the following types with your repository: org.springframework.data.keyvalue.repository.KeyValueRepository
2025-05-27 11:39:14.087 [main] INFO  o.s.d.r.c.RepositoryConfigurationDelegate - Finished Spring Data repository scanning in 14 ms. Found 0 Redis repository interfaces.
2025-05-27 11:39:15.022 [main] INFO  o.s.b.w.e.tomcat.TomcatWebServer - Tomcat initialized with port 8081 (http)
2025-05-27 11:39:15.037 [main] INFO  o.a.coyote.http11.Http11NioProtocol - Initializing ProtocolHandler ["http-nio-8081"]
2025-05-27 11:39:15.040 [main] INFO  o.a.catalina.core.StandardService - Starting service [Tomcat]
2025-05-27 11:39:15.041 [main] INFO  o.a.catalina.core.StandardEngine - Starting Servlet engine: [Apache Tomcat/10.1.39]
2025-05-27 11:39:15.142 [main] INFO  o.a.c.c.C.[Tomcat].[localhost].[/] - Initializing Spring embedded WebApplicationContext
2025-05-27 11:39:15.142 [main] INFO  o.s.b.w.s.c.ServletWebServerApplicationContext - Root WebApplicationContext: initialization completed in 2394 ms
2025-05-27 11:39:15.366 [main] INFO  o.h.jpa.internal.util.LogHelper - HHH000204: Processing PersistenceUnitInfo [name: default]
2025-05-27 11:39:15.415 [main] INFO  org.hibernate.Version - HHH000412: Hibernate ORM core version 6.6.11.Final
2025-05-27 11:39:15.446 [main] INFO  o.h.c.i.RegionFactoryInitiator - HHH000026: Second-level cache disabled
2025-05-27 11:39:15.701 [main] INFO  o.s.o.j.p.SpringPersistenceUnitInfo - No LoadTimeWeaver setup: ignoring JPA class transformer
2025-05-27 11:39:15.728 [main] INFO  com.zaxxer.hikari.HikariDataSource - HikariPool-1 - Starting...
2025-05-27 11:39:15.851 [main] INFO  com.zaxxer.hikari.pool.HikariPool - HikariPool-1 - Added connection com.mysql.cj.jdbc.ConnectionImpl@7aaf6bfd
2025-05-27 11:39:15.853 [main] INFO  com.zaxxer.hikari.HikariDataSource - HikariPool-1 - Start completed.
2025-05-27 11:39:15.893 [main] WARN  org.hibernate.orm.deprecation - HHH90000025: MySQL8Dialect does not need to be specified explicitly using 'hibernate.dialect' (remove the property setting and it will be selected by default)
2025-05-27 11:39:15.895 [main] WARN  org.hibernate.orm.deprecation - HHH90000026: MySQL8Dialect has been deprecated; use org.hibernate.dialect.MySQLDialect instead
2025-05-27 11:39:15.911 [main] INFO  o.hibernate.orm.connections.pooling - HHH10001005: Database info:
	Database JDBC URL [Connecting through datasource 'HikariDataSource (HikariPool-1)']
	Database driver: undefined/unknown
	Database version: 8.0
	Autocommit mode: undefined/unknown
	Isolation level: undefined/unknown
	Minimum pool size: undefined/unknown
	Maximum pool size: undefined/unknown
2025-05-27 11:39:16.927 [main] INFO  o.h.e.t.j.p.i.JtaPlatformInitiator - HHH000489: No JTA platform available (set 'hibernate.transaction.jta.platform' to enable JTA platform integration)
2025-05-27 11:39:16.930 [main] INFO  o.s.o.j.LocalContainerEntityManagerFactoryBean - Initialized JPA EntityManagerFactory for persistence unit 'default'
2025-05-27 11:39:17.233 [main] INFO  o.s.d.j.r.query.QueryEnhancerFactory - Hibernate is in classpath; If applicable, HQL parser will be used.
2025-05-27 11:39:19.046 [main] INFO  org.redisson.Version - Redisson 3.23.3
2025-05-27 11:39:19.154 [redisson-netty-5-4] INFO  o.r.c.p.MasterPubSubConnectionPool - 1 connections initialized for 127.0.0.1/127.0.0.1:6379
2025-05-27 11:39:19.246 [redisson-netty-5-19] INFO  o.r.c.pool.MasterConnectionPool - 24 connections initialized for 127.0.0.1/127.0.0.1:6379
2025-05-27 11:39:19.480 [main] DEBUG c.C.P.D.m.getAllRecentMessagesForAllFriends - ==>  Preparing: SELECT LEAST(u1.user_id, u2.user_id) AS user_id, GREATEST(u1.user_id, u2.user_id) AS friend_id, m.message_id, m.sender_name, m.receiver_name, m.message, m.send_time FROM friendlist f JOIN user u1 ON f.user_id = u1.user_id JOIN user u2 ON f.friend_id = u2.user_id JOIN ( SELECT sender_name, receiver_name, message_id, message, send_time FROM ( SELECT *, ROW_NUMBER() OVER ( PARTITION BY CASE WHEN sender_name < receiver_name THEN CONCAT(sender_name, '_', receiver_name) ELSE CONCAT(receiver_name, '_', sender_name) END ORDER BY send_time DESC ) AS rn FROM message ) t WHERE rn <= 10 ) m ON ( (m.sender_name = u1.username AND m.receiver_name = u2.username) OR (m.sender_name = u2.username AND m.receiver_name = u1.username) ) WHERE u1.user_id < u2.user_id ORDER BY user_id, friend_id, send_time DESC;
2025-05-27 11:39:19.490 [main] DEBUG c.C.P.D.m.getAllRecentMessagesForAllFriends - ==> Parameters: 
2025-05-27 11:39:19.503 [main] TRACE c.C.P.D.m.getAllRecentMessagesForAllFriends - <==    Columns: user_id, friend_id, message_id, sender_name, receiver_name, message, send_time
2025-05-27 11:39:19.508 [main] TRACE c.C.P.D.m.getAllRecentMessagesForAllFriends - <==        Row: 1, 2, 1, liuwenjie, fengjiewei, <<BLOB>>, 2025-05-17 14:37:24.703
2025-05-27 11:39:19.510 [main] TRACE c.C.P.D.m.getAllRecentMessagesForAllFriends - <==        Row: 1, 10, 2, liuwenjie, zhangjunwei, <<BLOB>>, 2025-05-17 14:37:53.243
2025-05-27 11:39:19.510 [main] DEBUG c.C.P.D.m.getAllRecentMessagesForAllFriends - <==      Total: 2
2025-05-27 11:39:19.872 [main] WARN  o.s.b.a.o.j.JpaBaseConfiguration$JpaWebConfiguration - spring.jpa.open-in-view is enabled by default. Therefore, database queries may be performed during view rendering. Explicitly configure spring.jpa.open-in-view to disable this warning
2025-05-27 11:39:19.919 [main] WARN  o.s.b.a.s.s.UserDetailsServiceAutoConfiguration - 

Using generated security password: e707ec17-ab5f-4f22-80be-50f0aaf1dd08

This generated password is for development use only. Your security configuration must be updated before running your application in production.

2025-05-27 11:39:19.943 [main] INFO  o.s.s.c.a.a.c.InitializeUserDetailsBeanManagerConfigurer$InitializeUserDetailsManagerConfigurer - Global AuthenticationManager configured with UserDetailsService bean with name inMemoryUserDetailsManager
2025-05-27 11:39:20.276 [main] INFO  o.s.v.b.OptionalValidatorFactoryBean - Failed to set up a Bean Validation provider: jakarta.validation.NoProviderFoundException: Unable to create a Configuration, because no Jakarta Bean Validation provider could be found. Add a provider like Hibernate Validator (RI) to your classpath.
2025-05-27 11:39:20.601 [main] WARN  o.s.b.a.t.ThymeleafAutoConfiguration$DefaultTemplateResolverConfiguration - Cannot find template location: classpath:/templates/ (please add some templates, check your Thymeleaf configuration, or set spring.thymeleaf.check-template-location=false)
2025-05-27 11:39:21.103 [main] INFO  o.a.coyote.http11.Http11NioProtocol - Starting ProtocolHandler ["http-nio-8081"]
2025-05-27 11:39:21.113 [main] INFO  o.s.b.w.e.tomcat.TomcatWebServer - Tomcat started on port 8081 (http) with context path '/'
2025-05-27 11:39:21.129 [main] INFO  c.C.P.PersonalBlogApplication - Started PersonalBlogApplication in 9.039 seconds (process running for 10.456)
2025-05-27 11:39:21.289 [scheduling-1] WARN  o.h.p.entity.AbstractEntityPersister - HHH000502: The [user] property of the [com.CloudWhite.PersonalBlog.Entity.article.article] entity was modified, but it won't be updated because the property is immutable.
2025-05-27 11:39:21.290 [scheduling-1] WARN  o.h.p.entity.AbstractEntityPersister - HHH000502: The [user] property of the [com.CloudWhite.PersonalBlog.Entity.article.article] entity was modified, but it won't be updated because the property is immutable.
2025-05-27 11:39:21.291 [scheduling-1] WARN  o.h.p.entity.AbstractEntityPersister - HHH000502: The [user] property of the [com.CloudWhite.PersonalBlog.Entity.article.article] entity was modified, but it won't be updated because the property is immutable.
2025-05-27 11:39:21.291 [scheduling-1] WARN  o.h.p.entity.AbstractEntityPersister - HHH000502: The [user] property of the [com.CloudWhite.PersonalBlog.Entity.article.article] entity was modified, but it won't be updated because the property is immutable.
2025-05-27 11:39:21.303 [scheduling-1] WARN  o.h.p.entity.AbstractEntityPersister - HHH000502: The [user] property of the [com.CloudWhite.PersonalBlog.Entity.article.article] entity was modified, but it won't be updated because the property is immutable.
2025-05-27 11:39:21.303 [scheduling-1] WARN  o.h.p.entity.AbstractEntityPersister - HHH000502: The [user] property of the [com.CloudWhite.PersonalBlog.Entity.article.article] entity was modified, but it won't be updated because the property is immutable.
2025-05-27 11:39:21.303 [scheduling-1] WARN  o.h.p.entity.AbstractEntityPersister - HHH000502: The [user] property of the [com.CloudWhite.PersonalBlog.Entity.article.article] entity was modified, but it won't be updated because the property is immutable.
2025-05-27 11:39:45.947 [http-nio-8081-exec-1] INFO  o.a.c.c.C.[Tomcat].[localhost].[/] - Initializing Spring DispatcherServlet 'dispatcherServlet'
2025-05-27 11:39:45.948 [http-nio-8081-exec-1] INFO  o.s.web.servlet.DispatcherServlet - Initializing Servlet 'dispatcherServlet'
2025-05-27 11:39:45.949 [http-nio-8081-exec-1] INFO  o.s.web.servlet.DispatcherServlet - Completed initialization in 1 ms
2025-05-27 11:42:21.204 [scheduling-1] WARN  o.h.p.entity.AbstractEntityPersister - HHH000502: The [user] property of the [com.CloudWhite.PersonalBlog.Entity.article.article] entity was modified, but it won't be updated because the property is immutable.
2025-05-27 11:42:21.204 [scheduling-1] WARN  o.h.p.entity.AbstractEntityPersister - HHH000502: The [user] property of the [com.CloudWhite.PersonalBlog.Entity.article.article] entity was modified, but it won't be updated because the property is immutable.
2025-05-27 11:42:21.204 [scheduling-1] WARN  o.h.p.entity.AbstractEntityPersister - HHH000502: The [user] property of the [com.CloudWhite.PersonalBlog.Entity.article.article] entity was modified, but it won't be updated because the property is immutable.
2025-05-27 11:42:21.294 [scheduling-1] WARN  o.h.p.entity.AbstractEntityPersister - HHH000502: The [user] property of the [com.CloudWhite.PersonalBlog.Entity.article.article] entity was modified, but it won't be updated because the property is immutable.
2025-05-27 11:42:21.304 [scheduling-1] WARN  o.h.p.entity.AbstractEntityPersister - HHH000502: The [user] property of the [com.CloudWhite.PersonalBlog.Entity.article.article] entity was modified, but it won't be updated because the property is immutable.
2025-05-27 11:42:21.304 [scheduling-1] WARN  o.h.p.entity.AbstractEntityPersister - HHH000502: The [user] property of the [com.CloudWhite.PersonalBlog.Entity.article.article] entity was modified, but it won't be updated because the property is immutable.
2025-05-27 11:42:21.304 [scheduling-1] WARN  o.h.p.entity.AbstractEntityPersister - HHH000502: The [user] property of the [com.CloudWhite.PersonalBlog.Entity.article.article] entity was modified, but it won't be updated because the property is immutable.
2025-05-27 11:45:21.213 [scheduling-1] WARN  o.h.p.entity.AbstractEntityPersister - HHH000502: The [user] property of the [com.CloudWhite.PersonalBlog.Entity.article.article] entity was modified, but it won't be updated because the property is immutable.
2025-05-27 11:45:21.213 [scheduling-1] WARN  o.h.p.entity.AbstractEntityPersister - HHH000502: The [user] property of the [com.CloudWhite.PersonalBlog.Entity.article.article] entity was modified, but it won't be updated because the property is immutable.
2025-05-27 11:45:21.213 [scheduling-1] WARN  o.h.p.entity.AbstractEntityPersister - HHH000502: The [user] property of the [com.CloudWhite.PersonalBlog.Entity.article.article] entity was modified, but it won't be updated because the property is immutable.
2025-05-27 11:45:21.213 [scheduling-1] WARN  o.h.p.entity.AbstractEntityPersister - HHH000502: The [user] property of the [com.CloudWhite.PersonalBlog.Entity.article.article] entity was modified, but it won't be updated because the property is immutable.
2025-05-27 11:45:21.213 [scheduling-1] WARN  o.h.p.entity.AbstractEntityPersister - HHH000502: The [user] property of the [com.CloudWhite.PersonalBlog.Entity.article.article] entity was modified, but it won't be updated because the property is immutable.
2025-05-27 11:45:21.213 [scheduling-1] WARN  o.h.p.entity.AbstractEntityPersister - HHH000502: The [user] property of the [com.CloudWhite.PersonalBlog.Entity.article.article] entity was modified, but it won't be updated because the property is immutable.
2025-05-27 11:45:21.213 [scheduling-1] WARN  o.h.p.entity.AbstractEntityPersister - HHH000502: The [user] property of the [com.CloudWhite.PersonalBlog.Entity.article.article] entity was modified, but it won't be updated because the property is immutable.
2025-05-27 11:46:09.905 [SpringApplicationShutdownHook] INFO  o.s.b.w.e.tomcat.GracefulShutdown - Commencing graceful shutdown. Waiting for active requests to complete
2025-05-27 11:46:11.633 [tomcat-shutdown] INFO  o.s.b.w.e.tomcat.GracefulShutdown - Graceful shutdown complete
2025-05-27 11:46:11.695 [SpringApplicationShutdownHook] INFO  o.s.o.j.LocalContainerEntityManagerFactoryBean - Closing JPA EntityManagerFactory for persistence unit 'default'
2025-05-27 11:46:11.703 [SpringApplicationShutdownHook] INFO  com.zaxxer.hikari.HikariDataSource - HikariPool-1 - Shutdown initiated...
2025-05-27 11:46:11.863 [SpringApplicationShutdownHook] INFO  com.zaxxer.hikari.HikariDataSource - HikariPool-1 - Shutdown completed.
2025-05-27 11:46:21.685 [main] INFO  c.C.P.PersonalBlogApplication - Starting PersonalBlogApplication using Java 17.0.14 with PID 32876 (D:\GitHub\study\PersonalBlog\target\classes started by 刘文杰 in D:\GitHub\study\PersonalBlog)
2025-05-27 11:46:21.688 [main] INFO  c.C.P.PersonalBlogApplication - No active profile set, falling back to 1 default profile: "default"
2025-05-27 11:46:23.237 [main] INFO  o.s.d.r.c.RepositoryConfigurationDelegate - Multiple Spring Data modules found, entering strict repository configuration mode
2025-05-27 11:46:23.239 [main] INFO  o.s.d.r.c.RepositoryConfigurationDelegate - Bootstrapping Spring Data JPA repositories in DEFAULT mode.
2025-05-27 11:46:24.071 [main] INFO  o.s.d.r.c.RepositoryConfigurationDelegate - Finished Spring Data repository scanning in 818 ms. Found 10 JPA repository interfaces.
2025-05-27 11:46:24.091 [main] INFO  o.s.d.r.c.RepositoryConfigurationDelegate - Multiple Spring Data modules found, entering strict repository configuration mode
2025-05-27 11:46:24.095 [main] INFO  o.s.d.r.c.RepositoryConfigurationDelegate - Bootstrapping Spring Data Redis repositories in DEFAULT mode.
2025-05-27 11:46:24.113 [main] INFO  o.s.d.r.c.RepositoryConfigurationExtensionSupport - Spring Data Redis - Could not safely identify store assignment for repository candidate interface com.CloudWhite.PersonalBlog.Dao.article.articleDao; If you want this repository to be a Redis repository, consider annotating your entities with one of these annotations: org.springframework.data.redis.core.RedisHash (preferred), or consider extending one of the following types with your repository: org.springframework.data.keyvalue.repository.KeyValueRepository
2025-05-27 11:46:24.113 [main] INFO  o.s.d.r.c.RepositoryConfigurationExtensionSupport - Spring Data Redis - Could not safely identify store assignment for repository candidate interface com.CloudWhite.PersonalBlog.Dao.article.articleInfoDao; If you want this repository to be a Redis repository, consider annotating your entities with one of these annotations: org.springframework.data.redis.core.RedisHash (preferred), or consider extending one of the following types with your repository: org.springframework.data.keyvalue.repository.KeyValueRepository
2025-05-27 11:46:24.113 [main] INFO  o.s.d.r.c.RepositoryConfigurationExtensionSupport - Spring Data Redis - Could not safely identify store assignment for repository candidate interface com.CloudWhite.PersonalBlog.Dao.DTO.tokenDao; If you want this repository to be a Redis repository, consider annotating your entities with one of these annotations: org.springframework.data.redis.core.RedisHash (preferred), or consider extending one of the following types with your repository: org.springframework.data.keyvalue.repository.KeyValueRepository
2025-05-27 11:46:24.114 [main] INFO  o.s.d.r.c.RepositoryConfigurationExtensionSupport - Spring Data Redis - Could not safely identify store assignment for repository candidate interface com.CloudWhite.PersonalBlog.Dao.friendListDao; If you want this repository to be a Redis repository, consider annotating your entities with one of these annotations: org.springframework.data.redis.core.RedisHash (preferred), or consider extending one of the following types with your repository: org.springframework.data.keyvalue.repository.KeyValueRepository
2025-05-27 11:46:24.114 [main] INFO  o.s.d.r.c.RepositoryConfigurationExtensionSupport - Spring Data Redis - Could not safely identify store assignment for repository candidate interface com.CloudWhite.PersonalBlog.Dao.messageDao; If you want this repository to be a Redis repository, consider annotating your entities with one of these annotations: org.springframework.data.redis.core.RedisHash (preferred), or consider extending one of the following types with your repository: org.springframework.data.keyvalue.repository.KeyValueRepository
2025-05-27 11:46:24.115 [main] INFO  o.s.d.r.c.RepositoryConfigurationExtensionSupport - Spring Data Redis - Could not safely identify store assignment for repository candidate interface com.CloudWhite.PersonalBlog.Dao.notice.noticeDao; If you want this repository to be a Redis repository, consider annotating your entities with one of these annotations: org.springframework.data.redis.core.RedisHash (preferred), or consider extending one of the following types with your repository: org.springframework.data.keyvalue.repository.KeyValueRepository
2025-05-27 11:46:24.115 [main] INFO  o.s.d.r.c.RepositoryConfigurationExtensionSupport - Spring Data Redis - Could not safely identify store assignment for repository candidate interface com.CloudWhite.PersonalBlog.Dao.notice.noticeInfoDao; If you want this repository to be a Redis repository, consider annotating your entities with one of these annotations: org.springframework.data.redis.core.RedisHash (preferred), or consider extending one of the following types with your repository: org.springframework.data.keyvalue.repository.KeyValueRepository
2025-05-27 11:46:24.115 [main] INFO  o.s.d.r.c.RepositoryConfigurationExtensionSupport - Spring Data Redis - Could not safely identify store assignment for repository candidate interface com.CloudWhite.PersonalBlog.Dao.projectDao; If you want this repository to be a Redis repository, consider annotating your entities with one of these annotations: org.springframework.data.redis.core.RedisHash (preferred), or consider extending one of the following types with your repository: org.springframework.data.keyvalue.repository.KeyValueRepository
2025-05-27 11:46:24.116 [main] INFO  o.s.d.r.c.RepositoryConfigurationExtensionSupport - Spring Data Redis - Could not safely identify store assignment for repository candidate interface com.CloudWhite.PersonalBlog.Dao.starDao; If you want this repository to be a Redis repository, consider annotating your entities with one of these annotations: org.springframework.data.redis.core.RedisHash (preferred), or consider extending one of the following types with your repository: org.springframework.data.keyvalue.repository.KeyValueRepository
2025-05-27 11:46:24.116 [main] INFO  o.s.d.r.c.RepositoryConfigurationExtensionSupport - Spring Data Redis - Could not safely identify store assignment for repository candidate interface com.CloudWhite.PersonalBlog.Dao.userDao; If you want this repository to be a Redis repository, consider annotating your entities with one of these annotations: org.springframework.data.redis.core.RedisHash (preferred), or consider extending one of the following types with your repository: org.springframework.data.keyvalue.repository.KeyValueRepository
2025-05-27 11:46:24.116 [main] INFO  o.s.d.r.c.RepositoryConfigurationDelegate - Finished Spring Data repository scanning in 12 ms. Found 0 Redis repository interfaces.
2025-05-27 11:46:25.303 [main] INFO  o.s.b.w.e.tomcat.TomcatWebServer - Tomcat initialized with port 8081 (http)
2025-05-27 11:46:25.316 [main] INFO  o.a.coyote.http11.Http11NioProtocol - Initializing ProtocolHandler ["http-nio-8081"]
2025-05-27 11:46:25.318 [main] INFO  o.a.catalina.core.StandardService - Starting service [Tomcat]
2025-05-27 11:46:25.318 [main] INFO  o.a.catalina.core.StandardEngine - Starting Servlet engine: [Apache Tomcat/10.1.39]
2025-05-27 11:46:25.419 [main] INFO  o.a.c.c.C.[Tomcat].[localhost].[/] - Initializing Spring embedded WebApplicationContext
2025-05-27 11:46:25.419 [main] INFO  o.s.b.w.s.c.ServletWebServerApplicationContext - Root WebApplicationContext: initialization completed in 3575 ms
2025-05-27 11:46:25.647 [main] INFO  o.h.jpa.internal.util.LogHelper - HHH000204: Processing PersistenceUnitInfo [name: default]
2025-05-27 11:46:25.732 [main] INFO  org.hibernate.Version - HHH000412: Hibernate ORM core version 6.6.11.Final
2025-05-27 11:46:25.782 [main] INFO  o.h.c.i.RegionFactoryInitiator - HHH000026: Second-level cache disabled
2025-05-27 11:46:26.126 [main] INFO  o.s.o.j.p.SpringPersistenceUnitInfo - No LoadTimeWeaver setup: ignoring JPA class transformer
2025-05-27 11:46:26.165 [main] INFO  com.zaxxer.hikari.HikariDataSource - HikariPool-1 - Starting...
2025-05-27 11:46:26.309 [main] INFO  com.zaxxer.hikari.pool.HikariPool - HikariPool-1 - Added connection com.mysql.cj.jdbc.ConnectionImpl@68303c3e
2025-05-27 11:46:26.311 [main] INFO  com.zaxxer.hikari.HikariDataSource - HikariPool-1 - Start completed.
2025-05-27 11:46:26.374 [main] WARN  org.hibernate.orm.deprecation - HHH90000025: MySQL8Dialect does not need to be specified explicitly using 'hibernate.dialect' (remove the property setting and it will be selected by default)
2025-05-27 11:46:26.376 [main] WARN  org.hibernate.orm.deprecation - HHH90000026: MySQL8Dialect has been deprecated; use org.hibernate.dialect.MySQLDialect instead
2025-05-27 11:46:26.398 [main] INFO  o.hibernate.orm.connections.pooling - HHH10001005: Database info:
	Database JDBC URL [Connecting through datasource 'HikariDataSource (HikariPool-1)']
	Database driver: undefined/unknown
	Database version: 8.0
	Autocommit mode: undefined/unknown
	Isolation level: undefined/unknown
	Minimum pool size: undefined/unknown
	Maximum pool size: undefined/unknown
2025-05-27 11:46:27.690 [main] INFO  o.h.e.t.j.p.i.JtaPlatformInitiator - HHH000489: No JTA platform available (set 'hibernate.transaction.jta.platform' to enable JTA platform integration)
2025-05-27 11:46:27.694 [main] INFO  o.s.o.j.LocalContainerEntityManagerFactoryBean - Initialized JPA EntityManagerFactory for persistence unit 'default'
2025-05-27 11:46:28.046 [main] INFO  o.s.d.j.r.query.QueryEnhancerFactory - Hibernate is in classpath; If applicable, HQL parser will be used.
2025-05-27 11:46:30.261 [main] INFO  org.redisson.Version - Redisson 3.23.3
2025-05-27 11:46:30.386 [redisson-netty-5-4] INFO  o.r.c.p.MasterPubSubConnectionPool - 1 connections initialized for 127.0.0.1/127.0.0.1:6379
2025-05-27 11:46:30.488 [redisson-netty-5-19] INFO  o.r.c.pool.MasterConnectionPool - 24 connections initialized for 127.0.0.1/127.0.0.1:6379
2025-05-27 11:46:30.768 [main] DEBUG c.C.P.D.m.getAllRecentMessagesForAllFriends - ==>  Preparing: SELECT LEAST(u1.user_id, u2.user_id) AS user_id, GREATEST(u1.user_id, u2.user_id) AS friend_id, m.message_id, m.sender_name, m.receiver_name, m.message, m.send_time FROM friendlist f JOIN user u1 ON f.user_id = u1.user_id JOIN user u2 ON f.friend_id = u2.user_id JOIN ( SELECT sender_name, receiver_name, message_id, message, send_time FROM ( SELECT *, ROW_NUMBER() OVER ( PARTITION BY CASE WHEN sender_name < receiver_name THEN CONCAT(sender_name, '_', receiver_name) ELSE CONCAT(receiver_name, '_', sender_name) END ORDER BY send_time DESC ) AS rn FROM message ) t WHERE rn <= 10 ) m ON ( (m.sender_name = u1.username AND m.receiver_name = u2.username) OR (m.sender_name = u2.username AND m.receiver_name = u1.username) ) WHERE u1.user_id < u2.user_id ORDER BY user_id, friend_id, send_time DESC;
2025-05-27 11:46:30.779 [main] DEBUG c.C.P.D.m.getAllRecentMessagesForAllFriends - ==> Parameters: 
2025-05-27 11:46:30.794 [main] TRACE c.C.P.D.m.getAllRecentMessagesForAllFriends - <==    Columns: user_id, friend_id, message_id, sender_name, receiver_name, message, send_time
2025-05-27 11:46:30.797 [main] TRACE c.C.P.D.m.getAllRecentMessagesForAllFriends - <==        Row: 1, 2, 1, liuwenjie, fengjiewei, <<BLOB>>, 2025-05-17 14:37:24.703
2025-05-27 11:46:30.800 [main] TRACE c.C.P.D.m.getAllRecentMessagesForAllFriends - <==        Row: 1, 10, 2, liuwenjie, zhangjunwei, <<BLOB>>, 2025-05-17 14:37:53.243
2025-05-27 11:46:30.800 [main] DEBUG c.C.P.D.m.getAllRecentMessagesForAllFriends - <==      Total: 2
2025-05-27 11:46:31.215 [main] INFO  o.s.v.b.OptionalValidatorFactoryBean - Failed to set up a Bean Validation provider: jakarta.validation.NoProviderFoundException: Unable to create a Configuration, because no Jakarta Bean Validation provider could be found. Add a provider like Hibernate Validator (RI) to your classpath.
2025-05-27 11:46:31.298 [main] WARN  o.s.b.a.t.ThymeleafAutoConfiguration$DefaultTemplateResolverConfiguration - Cannot find template location: classpath:/templates/ (please add some templates, check your Thymeleaf configuration, or set spring.thymeleaf.check-template-location=false)
2025-05-27 11:46:31.439 [main] WARN  o.s.b.a.s.s.UserDetailsServiceAutoConfiguration - 

Using generated security password: 7edb9294-d532-4c69-ae55-98f2d1fb58e9

This generated password is for development use only. Your security configuration must be updated before running your application in production.

2025-05-27 11:46:31.587 [main] INFO  o.s.s.c.a.a.c.InitializeUserDetailsBeanManagerConfigurer$InitializeUserDetailsManagerConfigurer - Global AuthenticationManager configured with UserDetailsService bean with name inMemoryUserDetailsManager
2025-05-27 11:46:32.072 [main] WARN  o.s.b.a.o.j.JpaBaseConfiguration$JpaWebConfiguration - spring.jpa.open-in-view is enabled by default. Therefore, database queries may be performed during view rendering. Explicitly configure spring.jpa.open-in-view to disable this warning
2025-05-27 11:46:32.587 [main] INFO  o.a.coyote.http11.Http11NioProtocol - Starting ProtocolHandler ["http-nio-8081"]
2025-05-27 11:46:32.610 [main] INFO  o.s.b.w.e.tomcat.TomcatWebServer - Tomcat started on port 8081 (http) with context path '/'
2025-05-27 11:46:32.626 [main] INFO  c.C.P.PersonalBlogApplication - Started PersonalBlogApplication in 11.808 seconds (process running for 14.331)
2025-05-27 11:46:33.018 [scheduling-1] WARN  o.h.p.entity.AbstractEntityPersister - HHH000502: The [user] property of the [com.CloudWhite.PersonalBlog.Entity.article.article] entity was modified, but it won't be updated because the property is immutable.
2025-05-27 11:46:33.020 [scheduling-1] WARN  o.h.p.entity.AbstractEntityPersister - HHH000502: The [user] property of the [com.CloudWhite.PersonalBlog.Entity.article.article] entity was modified, but it won't be updated because the property is immutable.
2025-05-27 11:46:33.021 [scheduling-1] WARN  o.h.p.entity.AbstractEntityPersister - HHH000502: The [user] property of the [com.CloudWhite.PersonalBlog.Entity.article.article] entity was modified, but it won't be updated because the property is immutable.
2025-05-27 11:46:33.022 [scheduling-1] WARN  o.h.p.entity.AbstractEntityPersister - HHH000502: The [user] property of the [com.CloudWhite.PersonalBlog.Entity.article.article] entity was modified, but it won't be updated because the property is immutable.
2025-05-27 11:46:33.023 [scheduling-1] WARN  o.h.p.entity.AbstractEntityPersister - HHH000502: The [user] property of the [com.CloudWhite.PersonalBlog.Entity.article.article] entity was modified, but it won't be updated because the property is immutable.
2025-05-27 11:46:33.023 [scheduling-1] WARN  o.h.p.entity.AbstractEntityPersister - HHH000502: The [user] property of the [com.CloudWhite.PersonalBlog.Entity.article.article] entity was modified, but it won't be updated because the property is immutable.
2025-05-27 11:46:33.023 [scheduling-1] WARN  o.h.p.entity.AbstractEntityPersister - HHH000502: The [user] property of the [com.CloudWhite.PersonalBlog.Entity.article.article] entity was modified, but it won't be updated because the property is immutable.
2025-05-27 11:46:36.440 [http-nio-8081-exec-1] INFO  o.a.c.c.C.[Tomcat].[localhost].[/] - Initializing Spring DispatcherServlet 'dispatcherServlet'
2025-05-27 11:46:36.440 [http-nio-8081-exec-1] INFO  o.s.web.servlet.DispatcherServlet - Initializing Servlet 'dispatcherServlet'
2025-05-27 11:46:36.443 [http-nio-8081-exec-1] INFO  o.s.web.servlet.DispatcherServlet - Completed initialization in 0 ms
2025-05-27 11:49:32.690 [scheduling-1] WARN  o.h.p.entity.AbstractEntityPersister - HHH000502: The [user] property of the [com.CloudWhite.PersonalBlog.Entity.article.article] entity was modified, but it won't be updated because the property is immutable.
2025-05-27 11:49:32.691 [scheduling-1] WARN  o.h.p.entity.AbstractEntityPersister - HHH000502: The [user] property of the [com.CloudWhite.PersonalBlog.Entity.article.article] entity was modified, but it won't be updated because the property is immutable.
2025-05-27 11:49:32.692 [scheduling-1] WARN  o.h.p.entity.AbstractEntityPersister - HHH000502: The [user] property of the [com.CloudWhite.PersonalBlog.Entity.article.article] entity was modified, but it won't be updated because the property is immutable.
2025-05-27 11:49:32.692 [scheduling-1] WARN  o.h.p.entity.AbstractEntityPersister - HHH000502: The [user] property of the [com.CloudWhite.PersonalBlog.Entity.article.article] entity was modified, but it won't be updated because the property is immutable.
2025-05-27 11:49:32.692 [scheduling-1] WARN  o.h.p.entity.AbstractEntityPersister - HHH000502: The [user] property of the [com.CloudWhite.PersonalBlog.Entity.article.article] entity was modified, but it won't be updated because the property is immutable.
2025-05-27 11:49:32.692 [scheduling-1] WARN  o.h.p.entity.AbstractEntityPersister - HHH000502: The [user] property of the [com.CloudWhite.PersonalBlog.Entity.article.article] entity was modified, but it won't be updated because the property is immutable.
2025-05-27 11:49:32.692 [scheduling-1] WARN  o.h.p.entity.AbstractEntityPersister - HHH000502: The [user] property of the [com.CloudWhite.PersonalBlog.Entity.article.article] entity was modified, but it won't be updated because the property is immutable.
2025-05-27 11:52:32.696 [scheduling-1] WARN  o.h.p.entity.AbstractEntityPersister - HHH000502: The [user] property of the [com.CloudWhite.PersonalBlog.Entity.article.article] entity was modified, but it won't be updated because the property is immutable.
2025-05-27 11:52:32.696 [scheduling-1] WARN  o.h.p.entity.AbstractEntityPersister - HHH000502: The [user] property of the [com.CloudWhite.PersonalBlog.Entity.article.article] entity was modified, but it won't be updated because the property is immutable.
2025-05-27 11:52:32.696 [scheduling-1] WARN  o.h.p.entity.AbstractEntityPersister - HHH000502: The [user] property of the [com.CloudWhite.PersonalBlog.Entity.article.article] entity was modified, but it won't be updated because the property is immutable.
2025-05-27 11:52:32.696 [scheduling-1] WARN  o.h.p.entity.AbstractEntityPersister - HHH000502: The [user] property of the [com.CloudWhite.PersonalBlog.Entity.article.article] entity was modified, but it won't be updated because the property is immutable.
2025-05-27 11:52:32.697 [scheduling-1] WARN  o.h.p.entity.AbstractEntityPersister - HHH000502: The [user] property of the [com.CloudWhite.PersonalBlog.Entity.article.article] entity was modified, but it won't be updated because the property is immutable.
2025-05-27 11:52:32.697 [scheduling-1] WARN  o.h.p.entity.AbstractEntityPersister - HHH000502: The [user] property of the [com.CloudWhite.PersonalBlog.Entity.article.article] entity was modified, but it won't be updated because the property is immutable.
2025-05-27 11:52:32.697 [scheduling-1] WARN  o.h.p.entity.AbstractEntityPersister - HHH000502: The [user] property of the [com.CloudWhite.PersonalBlog.Entity.article.article] entity was modified, but it won't be updated because the property is immutable.
2025-05-27 11:55:32.282 [SpringApplicationShutdownHook] INFO  o.s.b.w.e.tomcat.GracefulShutdown - Commencing graceful shutdown. Waiting for active requests to complete
2025-05-27 11:55:33.053 [tomcat-shutdown] INFO  o.s.b.w.e.tomcat.GracefulShutdown - Graceful shutdown complete
2025-05-27 11:55:33.084 [SpringApplicationShutdownHook] INFO  o.s.o.j.LocalContainerEntityManagerFactoryBean - Closing JPA EntityManagerFactory for persistence unit 'default'
2025-05-27 11:55:33.088 [SpringApplicationShutdownHook] INFO  com.zaxxer.hikari.HikariDataSource - HikariPool-1 - Shutdown initiated...
2025-05-27 11:55:33.094 [SpringApplicationShutdownHook] INFO  com.zaxxer.hikari.HikariDataSource - HikariPool-1 - Shutdown completed.
2025-05-27 11:55:41.935 [main] INFO  c.C.P.PersonalBlogApplication - Starting PersonalBlogApplication using Java 17.0.14 with PID 51304 (D:\GitHub\study\PersonalBlog\target\classes started by 刘文杰 in D:\GitHub\study\PersonalBlog)
2025-05-27 11:55:41.941 [main] INFO  c.C.P.PersonalBlogApplication - No active profile set, falling back to 1 default profile: "default"
2025-05-27 11:55:43.320 [main] INFO  o.s.d.r.c.RepositoryConfigurationDelegate - Multiple Spring Data modules found, entering strict repository configuration mode
2025-05-27 11:55:43.323 [main] INFO  o.s.d.r.c.RepositoryConfigurationDelegate - Bootstrapping Spring Data JPA repositories in DEFAULT mode.
2025-05-27 11:55:43.625 [main] INFO  o.s.d.r.c.RepositoryConfigurationDelegate - Finished Spring Data repository scanning in 291 ms. Found 10 JPA repository interfaces.
2025-05-27 11:55:43.643 [main] INFO  o.s.d.r.c.RepositoryConfigurationDelegate - Multiple Spring Data modules found, entering strict repository configuration mode
2025-05-27 11:55:43.647 [main] INFO  o.s.d.r.c.RepositoryConfigurationDelegate - Bootstrapping Spring Data Redis repositories in DEFAULT mode.
2025-05-27 11:55:43.669 [main] INFO  o.s.d.r.c.RepositoryConfigurationExtensionSupport - Spring Data Redis - Could not safely identify store assignment for repository candidate interface com.CloudWhite.PersonalBlog.Dao.article.articleDao; If you want this repository to be a Redis repository, consider annotating your entities with one of these annotations: org.springframework.data.redis.core.RedisHash (preferred), or consider extending one of the following types with your repository: org.springframework.data.keyvalue.repository.KeyValueRepository
2025-05-27 11:55:43.670 [main] INFO  o.s.d.r.c.RepositoryConfigurationExtensionSupport - Spring Data Redis - Could not safely identify store assignment for repository candidate interface com.CloudWhite.PersonalBlog.Dao.article.articleInfoDao; If you want this repository to be a Redis repository, consider annotating your entities with one of these annotations: org.springframework.data.redis.core.RedisHash (preferred), or consider extending one of the following types with your repository: org.springframework.data.keyvalue.repository.KeyValueRepository
2025-05-27 11:55:43.670 [main] INFO  o.s.d.r.c.RepositoryConfigurationExtensionSupport - Spring Data Redis - Could not safely identify store assignment for repository candidate interface com.CloudWhite.PersonalBlog.Dao.DTO.tokenDao; If you want this repository to be a Redis repository, consider annotating your entities with one of these annotations: org.springframework.data.redis.core.RedisHash (preferred), or consider extending one of the following types with your repository: org.springframework.data.keyvalue.repository.KeyValueRepository
2025-05-27 11:55:43.670 [main] INFO  o.s.d.r.c.RepositoryConfigurationExtensionSupport - Spring Data Redis - Could not safely identify store assignment for repository candidate interface com.CloudWhite.PersonalBlog.Dao.friendListDao; If you want this repository to be a Redis repository, consider annotating your entities with one of these annotations: org.springframework.data.redis.core.RedisHash (preferred), or consider extending one of the following types with your repository: org.springframework.data.keyvalue.repository.KeyValueRepository
2025-05-27 11:55:43.670 [main] INFO  o.s.d.r.c.RepositoryConfigurationExtensionSupport - Spring Data Redis - Could not safely identify store assignment for repository candidate interface com.CloudWhite.PersonalBlog.Dao.messageDao; If you want this repository to be a Redis repository, consider annotating your entities with one of these annotations: org.springframework.data.redis.core.RedisHash (preferred), or consider extending one of the following types with your repository: org.springframework.data.keyvalue.repository.KeyValueRepository
2025-05-27 11:55:43.671 [main] INFO  o.s.d.r.c.RepositoryConfigurationExtensionSupport - Spring Data Redis - Could not safely identify store assignment for repository candidate interface com.CloudWhite.PersonalBlog.Dao.notice.noticeDao; If you want this repository to be a Redis repository, consider annotating your entities with one of these annotations: org.springframework.data.redis.core.RedisHash (preferred), or consider extending one of the following types with your repository: org.springframework.data.keyvalue.repository.KeyValueRepository
2025-05-27 11:55:43.671 [main] INFO  o.s.d.r.c.RepositoryConfigurationExtensionSupport - Spring Data Redis - Could not safely identify store assignment for repository candidate interface com.CloudWhite.PersonalBlog.Dao.notice.noticeInfoDao; If you want this repository to be a Redis repository, consider annotating your entities with one of these annotations: org.springframework.data.redis.core.RedisHash (preferred), or consider extending one of the following types with your repository: org.springframework.data.keyvalue.repository.KeyValueRepository
2025-05-27 11:55:43.671 [main] INFO  o.s.d.r.c.RepositoryConfigurationExtensionSupport - Spring Data Redis - Could not safely identify store assignment for repository candidate interface com.CloudWhite.PersonalBlog.Dao.projectDao; If you want this repository to be a Redis repository, consider annotating your entities with one of these annotations: org.springframework.data.redis.core.RedisHash (preferred), or consider extending one of the following types with your repository: org.springframework.data.keyvalue.repository.KeyValueRepository
2025-05-27 11:55:43.673 [main] INFO  o.s.d.r.c.RepositoryConfigurationExtensionSupport - Spring Data Redis - Could not safely identify store assignment for repository candidate interface com.CloudWhite.PersonalBlog.Dao.starDao; If you want this repository to be a Redis repository, consider annotating your entities with one of these annotations: org.springframework.data.redis.core.RedisHash (preferred), or consider extending one of the following types with your repository: org.springframework.data.keyvalue.repository.KeyValueRepository
2025-05-27 11:55:43.673 [main] INFO  o.s.d.r.c.RepositoryConfigurationExtensionSupport - Spring Data Redis - Could not safely identify store assignment for repository candidate interface com.CloudWhite.PersonalBlog.Dao.userDao; If you want this repository to be a Redis repository, consider annotating your entities with one of these annotations: org.springframework.data.redis.core.RedisHash (preferred), or consider extending one of the following types with your repository: org.springframework.data.keyvalue.repository.KeyValueRepository
2025-05-27 11:55:43.673 [main] INFO  o.s.d.r.c.RepositoryConfigurationDelegate - Finished Spring Data repository scanning in 16 ms. Found 0 Redis repository interfaces.
2025-05-27 11:55:44.715 [main] INFO  o.s.b.w.e.tomcat.TomcatWebServer - Tomcat initialized with port 8081 (http)
2025-05-27 11:55:44.728 [main] INFO  o.a.coyote.http11.Http11NioProtocol - Initializing ProtocolHandler ["http-nio-8081"]
2025-05-27 11:55:44.730 [main] INFO  o.a.catalina.core.StandardService - Starting service [Tomcat]
2025-05-27 11:55:44.731 [main] INFO  o.a.catalina.core.StandardEngine - Starting Servlet engine: [Apache Tomcat/10.1.39]
2025-05-27 11:55:44.846 [main] INFO  o.a.c.c.C.[Tomcat].[localhost].[/] - Initializing Spring embedded WebApplicationContext
2025-05-27 11:55:44.846 [main] INFO  o.s.b.w.s.c.ServletWebServerApplicationContext - Root WebApplicationContext: initialization completed in 2812 ms
2025-05-27 11:55:45.080 [main] INFO  o.h.jpa.internal.util.LogHelper - HHH000204: Processing PersistenceUnitInfo [name: default]
2025-05-27 11:55:45.129 [main] INFO  org.hibernate.Version - HHH000412: Hibernate ORM core version 6.6.11.Final
2025-05-27 11:55:45.161 [main] INFO  o.h.c.i.RegionFactoryInitiator - HHH000026: Second-level cache disabled
2025-05-27 11:55:45.435 [main] INFO  o.s.o.j.p.SpringPersistenceUnitInfo - No LoadTimeWeaver setup: ignoring JPA class transformer
2025-05-27 11:55:45.464 [main] INFO  com.zaxxer.hikari.HikariDataSource - HikariPool-1 - Starting...
2025-05-27 11:55:45.716 [main] INFO  com.zaxxer.hikari.pool.HikariPool - HikariPool-1 - Added connection com.mysql.cj.jdbc.ConnectionImpl@fc21ff4
2025-05-27 11:55:45.718 [main] INFO  com.zaxxer.hikari.HikariDataSource - HikariPool-1 - Start completed.
2025-05-27 11:55:45.767 [main] WARN  org.hibernate.orm.deprecation - HHH90000025: MySQL8Dialect does not need to be specified explicitly using 'hibernate.dialect' (remove the property setting and it will be selected by default)
2025-05-27 11:55:45.768 [main] WARN  org.hibernate.orm.deprecation - HHH90000026: MySQL8Dialect has been deprecated; use org.hibernate.dialect.MySQLDialect instead
2025-05-27 11:55:45.783 [main] INFO  o.hibernate.orm.connections.pooling - HHH10001005: Database info:
	Database JDBC URL [Connecting through datasource 'HikariDataSource (HikariPool-1)']
	Database driver: undefined/unknown
	Database version: 8.0
	Autocommit mode: undefined/unknown
	Isolation level: undefined/unknown
	Minimum pool size: undefined/unknown
	Maximum pool size: undefined/unknown
2025-05-27 11:55:46.779 [main] INFO  o.h.e.t.j.p.i.JtaPlatformInitiator - HHH000489: No JTA platform available (set 'hibernate.transaction.jta.platform' to enable JTA platform integration)
2025-05-27 11:55:46.783 [main] INFO  o.s.o.j.LocalContainerEntityManagerFactoryBean - Initialized JPA EntityManagerFactory for persistence unit 'default'
2025-05-27 11:55:47.177 [main] INFO  o.s.d.j.r.query.QueryEnhancerFactory - Hibernate is in classpath; If applicable, HQL parser will be used.
2025-05-27 11:55:49.622 [main] INFO  org.redisson.Version - Redisson 3.23.3
2025-05-27 11:55:49.795 [redisson-netty-5-5] INFO  o.r.c.p.MasterPubSubConnectionPool - 1 connections initialized for 127.0.0.1/127.0.0.1:6379
2025-05-27 11:55:49.926 [redisson-netty-5-19] INFO  o.r.c.pool.MasterConnectionPool - 24 connections initialized for 127.0.0.1/127.0.0.1:6379
2025-05-27 11:55:50.214 [main] DEBUG c.C.P.D.m.getAllRecentMessagesForAllFriends - ==>  Preparing: SELECT LEAST(u1.user_id, u2.user_id) AS user_id, GREATEST(u1.user_id, u2.user_id) AS friend_id, m.message_id, m.sender_name, m.receiver_name, m.message, m.send_time FROM friendlist f JOIN user u1 ON f.user_id = u1.user_id JOIN user u2 ON f.friend_id = u2.user_id JOIN ( SELECT sender_name, receiver_name, message_id, message, send_time FROM ( SELECT *, ROW_NUMBER() OVER ( PARTITION BY CASE WHEN sender_name < receiver_name THEN CONCAT(sender_name, '_', receiver_name) ELSE CONCAT(receiver_name, '_', sender_name) END ORDER BY send_time DESC ) AS rn FROM message ) t WHERE rn <= 10 ) m ON ( (m.sender_name = u1.username AND m.receiver_name = u2.username) OR (m.sender_name = u2.username AND m.receiver_name = u1.username) ) WHERE u1.user_id < u2.user_id ORDER BY user_id, friend_id, send_time DESC;
2025-05-27 11:55:50.226 [main] DEBUG c.C.P.D.m.getAllRecentMessagesForAllFriends - ==> Parameters: 
2025-05-27 11:55:50.247 [main] TRACE c.C.P.D.m.getAllRecentMessagesForAllFriends - <==    Columns: user_id, friend_id, message_id, sender_name, receiver_name, message, send_time
2025-05-27 11:55:50.251 [main] TRACE c.C.P.D.m.getAllRecentMessagesForAllFriends - <==        Row: 1, 2, 1, liuwenjie, fengjiewei, <<BLOB>>, 2025-05-17 14:37:24.703
2025-05-27 11:55:50.254 [main] TRACE c.C.P.D.m.getAllRecentMessagesForAllFriends - <==        Row: 1, 10, 2, liuwenjie, zhangjunwei, <<BLOB>>, 2025-05-17 14:37:53.243
2025-05-27 11:55:50.254 [main] DEBUG c.C.P.D.m.getAllRecentMessagesForAllFriends - <==      Total: 2
2025-05-27 11:55:50.652 [main] INFO  o.s.v.b.OptionalValidatorFactoryBean - Failed to set up a Bean Validation provider: jakarta.validation.NoProviderFoundException: Unable to create a Configuration, because no Jakarta Bean Validation provider could be found. Add a provider like Hibernate Validator (RI) to your classpath.
2025-05-27 11:55:50.737 [main] WARN  o.s.b.a.t.ThymeleafAutoConfiguration$DefaultTemplateResolverConfiguration - Cannot find template location: classpath:/templates/ (please add some templates, check your Thymeleaf configuration, or set spring.thymeleaf.check-template-location=false)
2025-05-27 11:55:50.886 [main] WARN  o.s.b.a.s.s.UserDetailsServiceAutoConfiguration - 

Using generated security password: 18459536-4d69-44b7-9387-d99647b35576

This generated password is for development use only. Your security configuration must be updated before running your application in production.

2025-05-27 11:55:50.914 [main] INFO  o.s.s.c.a.a.c.InitializeUserDetailsBeanManagerConfigurer$InitializeUserDetailsManagerConfigurer - Global AuthenticationManager configured with UserDetailsService bean with name inMemoryUserDetailsManager
2025-05-27 11:55:51.463 [main] WARN  o.s.b.a.o.j.JpaBaseConfiguration$JpaWebConfiguration - spring.jpa.open-in-view is enabled by default. Therefore, database queries may be performed during view rendering. Explicitly configure spring.jpa.open-in-view to disable this warning
2025-05-27 11:55:52.491 [main] INFO  o.a.coyote.http11.Http11NioProtocol - Starting ProtocolHandler ["http-nio-8081"]
2025-05-27 11:55:52.514 [main] INFO  o.s.b.w.e.tomcat.TomcatWebServer - Tomcat started on port 8081 (http) with context path '/'
2025-05-27 11:55:52.543 [main] INFO  c.C.P.PersonalBlogApplication - Started PersonalBlogApplication in 11.282 seconds (process running for 13.095)
2025-05-27 11:55:52.819 [scheduling-1] WARN  o.h.p.entity.AbstractEntityPersister - HHH000502: The [user] property of the [com.CloudWhite.PersonalBlog.Entity.article.article] entity was modified, but it won't be updated because the property is immutable.
2025-05-27 11:55:52.821 [scheduling-1] WARN  o.h.p.entity.AbstractEntityPersister - HHH000502: The [user] property of the [com.CloudWhite.PersonalBlog.Entity.article.article] entity was modified, but it won't be updated because the property is immutable.
2025-05-27 11:55:52.821 [scheduling-1] WARN  o.h.p.entity.AbstractEntityPersister - HHH000502: The [user] property of the [com.CloudWhite.PersonalBlog.Entity.article.article] entity was modified, but it won't be updated because the property is immutable.
2025-05-27 11:55:52.822 [scheduling-1] WARN  o.h.p.entity.AbstractEntityPersister - HHH000502: The [user] property of the [com.CloudWhite.PersonalBlog.Entity.article.article] entity was modified, but it won't be updated because the property is immutable.
2025-05-27 11:55:52.822 [scheduling-1] WARN  o.h.p.entity.AbstractEntityPersister - HHH000502: The [user] property of the [com.CloudWhite.PersonalBlog.Entity.article.article] entity was modified, but it won't be updated because the property is immutable.
2025-05-27 11:55:52.822 [scheduling-1] WARN  o.h.p.entity.AbstractEntityPersister - HHH000502: The [user] property of the [com.CloudWhite.PersonalBlog.Entity.article.article] entity was modified, but it won't be updated because the property is immutable.
2025-05-27 11:55:52.822 [scheduling-1] WARN  o.h.p.entity.AbstractEntityPersister - HHH000502: The [user] property of the [com.CloudWhite.PersonalBlog.Entity.article.article] entity was modified, but it won't be updated because the property is immutable.
2025-05-27 11:55:56.535 [http-nio-8081-exec-1] INFO  o.a.c.c.C.[Tomcat].[localhost].[/] - Initializing Spring DispatcherServlet 'dispatcherServlet'
2025-05-27 11:55:56.535 [http-nio-8081-exec-1] INFO  o.s.web.servlet.DispatcherServlet - Initializing Servlet 'dispatcherServlet'
2025-05-27 11:55:56.537 [http-nio-8081-exec-1] INFO  o.s.web.servlet.DispatcherServlet - Completed initialization in 2 ms
2025-05-27 11:58:52.609 [scheduling-1] WARN  o.h.p.entity.AbstractEntityPersister - HHH000502: The [user] property of the [com.CloudWhite.PersonalBlog.Entity.article.article] entity was modified, but it won't be updated because the property is immutable.
2025-05-27 11:58:52.609 [scheduling-1] WARN  o.h.p.entity.AbstractEntityPersister - HHH000502: The [user] property of the [com.CloudWhite.PersonalBlog.Entity.article.article] entity was modified, but it won't be updated because the property is immutable.
2025-05-27 11:58:52.610 [scheduling-1] WARN  o.h.p.entity.AbstractEntityPersister - HHH000502: The [user] property of the [com.CloudWhite.PersonalBlog.Entity.article.article] entity was modified, but it won't be updated because the property is immutable.
2025-05-27 11:58:52.610 [scheduling-1] WARN  o.h.p.entity.AbstractEntityPersister - HHH000502: The [user] property of the [com.CloudWhite.PersonalBlog.Entity.article.article] entity was modified, but it won't be updated because the property is immutable.
2025-05-27 11:58:52.612 [scheduling-1] WARN  o.h.p.entity.AbstractEntityPersister - HHH000502: The [user] property of the [com.CloudWhite.PersonalBlog.Entity.article.article] entity was modified, but it won't be updated because the property is immutable.
2025-05-27 11:58:52.612 [scheduling-1] WARN  o.h.p.entity.AbstractEntityPersister - HHH000502: The [user] property of the [com.CloudWhite.PersonalBlog.Entity.article.article] entity was modified, but it won't be updated because the property is immutable.
2025-05-27 11:58:52.612 [scheduling-1] WARN  o.h.p.entity.AbstractEntityPersister - HHH000502: The [user] property of the [com.CloudWhite.PersonalBlog.Entity.article.article] entity was modified, but it won't be updated because the property is immutable.
2025-05-27 12:01:24.096 [SpringApplicationShutdownHook] INFO  o.s.b.w.e.tomcat.GracefulShutdown - Commencing graceful shutdown. Waiting for active requests to complete
2025-05-27 12:01:25.320 [tomcat-shutdown] INFO  o.s.b.w.e.tomcat.GracefulShutdown - Graceful shutdown complete
2025-05-27 12:01:25.357 [SpringApplicationShutdownHook] INFO  o.s.o.j.LocalContainerEntityManagerFactoryBean - Closing JPA EntityManagerFactory for persistence unit 'default'
2025-05-27 12:01:25.364 [SpringApplicationShutdownHook] INFO  com.zaxxer.hikari.HikariDataSource - HikariPool-1 - Shutdown initiated...
2025-05-27 12:01:25.376 [SpringApplicationShutdownHook] INFO  com.zaxxer.hikari.HikariDataSource - HikariPool-1 - Shutdown completed.
2025-05-27 12:01:33.453 [main] INFO  c.C.P.PersonalBlogApplication - Starting PersonalBlogApplication using Java 17.0.14 with PID 37356 (D:\GitHub\study\PersonalBlog\target\classes started by 刘文杰 in D:\GitHub\study\PersonalBlog)
2025-05-27 12:01:33.456 [main] INFO  c.C.P.PersonalBlogApplication - No active profile set, falling back to 1 default profile: "default"
2025-05-27 12:01:34.813 [main] INFO  o.s.d.r.c.RepositoryConfigurationDelegate - Multiple Spring Data modules found, entering strict repository configuration mode
2025-05-27 12:01:34.815 [main] INFO  o.s.d.r.c.RepositoryConfigurationDelegate - Bootstrapping Spring Data JPA repositories in DEFAULT mode.
2025-05-27 12:01:35.156 [main] INFO  o.s.d.r.c.RepositoryConfigurationDelegate - Finished Spring Data repository scanning in 328 ms. Found 10 JPA repository interfaces.
2025-05-27 12:01:35.176 [main] INFO  o.s.d.r.c.RepositoryConfigurationDelegate - Multiple Spring Data modules found, entering strict repository configuration mode
2025-05-27 12:01:35.179 [main] INFO  o.s.d.r.c.RepositoryConfigurationDelegate - Bootstrapping Spring Data Redis repositories in DEFAULT mode.
2025-05-27 12:01:35.206 [main] INFO  o.s.d.r.c.RepositoryConfigurationExtensionSupport - Spring Data Redis - Could not safely identify store assignment for repository candidate interface com.CloudWhite.PersonalBlog.Dao.article.articleDao; If you want this repository to be a Redis repository, consider annotating your entities with one of these annotations: org.springframework.data.redis.core.RedisHash (preferred), or consider extending one of the following types with your repository: org.springframework.data.keyvalue.repository.KeyValueRepository
2025-05-27 12:01:35.208 [main] INFO  o.s.d.r.c.RepositoryConfigurationExtensionSupport - Spring Data Redis - Could not safely identify store assignment for repository candidate interface com.CloudWhite.PersonalBlog.Dao.article.articleInfoDao; If you want this repository to be a Redis repository, consider annotating your entities with one of these annotations: org.springframework.data.redis.core.RedisHash (preferred), or consider extending one of the following types with your repository: org.springframework.data.keyvalue.repository.KeyValueRepository
2025-05-27 12:01:35.208 [main] INFO  o.s.d.r.c.RepositoryConfigurationExtensionSupport - Spring Data Redis - Could not safely identify store assignment for repository candidate interface com.CloudWhite.PersonalBlog.Dao.DTO.tokenDao; If you want this repository to be a Redis repository, consider annotating your entities with one of these annotations: org.springframework.data.redis.core.RedisHash (preferred), or consider extending one of the following types with your repository: org.springframework.data.keyvalue.repository.KeyValueRepository
2025-05-27 12:01:35.208 [main] INFO  o.s.d.r.c.RepositoryConfigurationExtensionSupport - Spring Data Redis - Could not safely identify store assignment for repository candidate interface com.CloudWhite.PersonalBlog.Dao.friendListDao; If you want this repository to be a Redis repository, consider annotating your entities with one of these annotations: org.springframework.data.redis.core.RedisHash (preferred), or consider extending one of the following types with your repository: org.springframework.data.keyvalue.repository.KeyValueRepository
2025-05-27 12:01:35.209 [main] INFO  o.s.d.r.c.RepositoryConfigurationExtensionSupport - Spring Data Redis - Could not safely identify store assignment for repository candidate interface com.CloudWhite.PersonalBlog.Dao.messageDao; If you want this repository to be a Redis repository, consider annotating your entities with one of these annotations: org.springframework.data.redis.core.RedisHash (preferred), or consider extending one of the following types with your repository: org.springframework.data.keyvalue.repository.KeyValueRepository
2025-05-27 12:01:35.209 [main] INFO  o.s.d.r.c.RepositoryConfigurationExtensionSupport - Spring Data Redis - Could not safely identify store assignment for repository candidate interface com.CloudWhite.PersonalBlog.Dao.notice.noticeDao; If you want this repository to be a Redis repository, consider annotating your entities with one of these annotations: org.springframework.data.redis.core.RedisHash (preferred), or consider extending one of the following types with your repository: org.springframework.data.keyvalue.repository.KeyValueRepository
2025-05-27 12:01:35.210 [main] INFO  o.s.d.r.c.RepositoryConfigurationExtensionSupport - Spring Data Redis - Could not safely identify store assignment for repository candidate interface com.CloudWhite.PersonalBlog.Dao.notice.noticeInfoDao; If you want this repository to be a Redis repository, consider annotating your entities with one of these annotations: org.springframework.data.redis.core.RedisHash (preferred), or consider extending one of the following types with your repository: org.springframework.data.keyvalue.repository.KeyValueRepository
2025-05-27 12:01:35.211 [main] INFO  o.s.d.r.c.RepositoryConfigurationExtensionSupport - Spring Data Redis - Could not safely identify store assignment for repository candidate interface com.CloudWhite.PersonalBlog.Dao.projectDao; If you want this repository to be a Redis repository, consider annotating your entities with one of these annotations: org.springframework.data.redis.core.RedisHash (preferred), or consider extending one of the following types with your repository: org.springframework.data.keyvalue.repository.KeyValueRepository
2025-05-27 12:01:35.211 [main] INFO  o.s.d.r.c.RepositoryConfigurationExtensionSupport - Spring Data Redis - Could not safely identify store assignment for repository candidate interface com.CloudWhite.PersonalBlog.Dao.starDao; If you want this repository to be a Redis repository, consider annotating your entities with one of these annotations: org.springframework.data.redis.core.RedisHash (preferred), or consider extending one of the following types with your repository: org.springframework.data.keyvalue.repository.KeyValueRepository
2025-05-27 12:01:35.212 [main] INFO  o.s.d.r.c.RepositoryConfigurationExtensionSupport - Spring Data Redis - Could not safely identify store assignment for repository candidate interface com.CloudWhite.PersonalBlog.Dao.userDao; If you want this repository to be a Redis repository, consider annotating your entities with one of these annotations: org.springframework.data.redis.core.RedisHash (preferred), or consider extending one of the following types with your repository: org.springframework.data.keyvalue.repository.KeyValueRepository
2025-05-27 12:01:35.212 [main] INFO  o.s.d.r.c.RepositoryConfigurationDelegate - Finished Spring Data repository scanning in 20 ms. Found 0 Redis repository interfaces.
2025-05-27 12:01:36.325 [main] INFO  o.s.b.w.e.tomcat.TomcatWebServer - Tomcat initialized with port 8081 (http)
2025-05-27 12:01:36.341 [main] INFO  o.a.coyote.http11.Http11NioProtocol - Initializing ProtocolHandler ["http-nio-8081"]
2025-05-27 12:01:36.343 [main] INFO  o.a.catalina.core.StandardService - Starting service [Tomcat]
2025-05-27 12:01:36.344 [main] INFO  o.a.catalina.core.StandardEngine - Starting Servlet engine: [Apache Tomcat/10.1.39]
2025-05-27 12:01:36.472 [main] INFO  o.a.c.c.C.[Tomcat].[localhost].[/] - Initializing Spring embedded WebApplicationContext
2025-05-27 12:01:36.473 [main] INFO  o.s.b.w.s.c.ServletWebServerApplicationContext - Root WebApplicationContext: initialization completed in 2919 ms
2025-05-27 12:01:36.755 [main] INFO  o.h.jpa.internal.util.LogHelper - HHH000204: Processing PersistenceUnitInfo [name: default]
2025-05-27 12:01:36.824 [main] INFO  org.hibernate.Version - HHH000412: Hibernate ORM core version 6.6.11.Final
2025-05-27 12:01:36.867 [main] INFO  o.h.c.i.RegionFactoryInitiator - HHH000026: Second-level cache disabled
2025-05-27 12:01:37.199 [main] INFO  o.s.o.j.p.SpringPersistenceUnitInfo - No LoadTimeWeaver setup: ignoring JPA class transformer
2025-05-27 12:01:37.233 [main] INFO  com.zaxxer.hikari.HikariDataSource - HikariPool-1 - Starting...
2025-05-27 12:01:37.393 [main] INFO  com.zaxxer.hikari.pool.HikariPool - HikariPool-1 - Added connection com.mysql.cj.jdbc.ConnectionImpl@50f6ecab
2025-05-27 12:01:37.395 [main] INFO  com.zaxxer.hikari.HikariDataSource - HikariPool-1 - Start completed.
2025-05-27 12:01:37.455 [main] WARN  org.hibernate.orm.deprecation - HHH90000025: MySQL8Dialect does not need to be specified explicitly using 'hibernate.dialect' (remove the property setting and it will be selected by default)
2025-05-27 12:01:37.456 [main] WARN  org.hibernate.orm.deprecation - HHH90000026: MySQL8Dialect has been deprecated; use org.hibernate.dialect.MySQLDialect instead
2025-05-27 12:01:37.476 [main] INFO  o.hibernate.orm.connections.pooling - HHH10001005: Database info:
	Database JDBC URL [Connecting through datasource 'HikariDataSource (HikariPool-1)']
	Database driver: undefined/unknown
	Database version: 8.0
	Autocommit mode: undefined/unknown
	Isolation level: undefined/unknown
	Minimum pool size: undefined/unknown
	Maximum pool size: undefined/unknown
2025-05-27 12:01:38.709 [main] INFO  o.h.e.t.j.p.i.JtaPlatformInitiator - HHH000489: No JTA platform available (set 'hibernate.transaction.jta.platform' to enable JTA platform integration)
2025-05-27 12:01:38.713 [main] INFO  o.s.o.j.LocalContainerEntityManagerFactoryBean - Initialized JPA EntityManagerFactory for persistence unit 'default'
2025-05-27 12:01:39.070 [main] INFO  o.s.d.j.r.query.QueryEnhancerFactory - Hibernate is in classpath; If applicable, HQL parser will be used.
2025-05-27 12:01:41.229 [main] INFO  org.redisson.Version - Redisson 3.23.3
2025-05-27 12:01:41.366 [redisson-netty-5-5] INFO  o.r.c.p.MasterPubSubConnectionPool - 1 connections initialized for 127.0.0.1/127.0.0.1:6379
2025-05-27 12:01:41.495 [redisson-netty-5-19] INFO  o.r.c.pool.MasterConnectionPool - 24 connections initialized for 127.0.0.1/127.0.0.1:6379
2025-05-27 12:01:41.801 [main] DEBUG c.C.P.D.m.getAllRecentMessagesForAllFriends - ==>  Preparing: SELECT LEAST(u1.user_id, u2.user_id) AS user_id, GREATEST(u1.user_id, u2.user_id) AS friend_id, m.message_id, m.sender_name, m.receiver_name, m.message, m.send_time FROM friendlist f JOIN user u1 ON f.user_id = u1.user_id JOIN user u2 ON f.friend_id = u2.user_id JOIN ( SELECT sender_name, receiver_name, message_id, message, send_time FROM ( SELECT *, ROW_NUMBER() OVER ( PARTITION BY CASE WHEN sender_name < receiver_name THEN CONCAT(sender_name, '_', receiver_name) ELSE CONCAT(receiver_name, '_', sender_name) END ORDER BY send_time DESC ) AS rn FROM message ) t WHERE rn <= 10 ) m ON ( (m.sender_name = u1.username AND m.receiver_name = u2.username) OR (m.sender_name = u2.username AND m.receiver_name = u1.username) ) WHERE u1.user_id < u2.user_id ORDER BY user_id, friend_id, send_time DESC;
2025-05-27 12:01:41.813 [main] DEBUG c.C.P.D.m.getAllRecentMessagesForAllFriends - ==> Parameters: 
2025-05-27 12:01:41.828 [main] TRACE c.C.P.D.m.getAllRecentMessagesForAllFriends - <==    Columns: user_id, friend_id, message_id, sender_name, receiver_name, message, send_time
2025-05-27 12:01:41.832 [main] TRACE c.C.P.D.m.getAllRecentMessagesForAllFriends - <==        Row: 1, 2, 1, liuwenjie, fengjiewei, <<BLOB>>, 2025-05-17 14:37:24.703
2025-05-27 12:01:41.834 [main] TRACE c.C.P.D.m.getAllRecentMessagesForAllFriends - <==        Row: 1, 10, 2, liuwenjie, zhangjunwei, <<BLOB>>, 2025-05-17 14:37:53.243
2025-05-27 12:01:41.835 [main] DEBUG c.C.P.D.m.getAllRecentMessagesForAllFriends - <==      Total: 2
2025-05-27 12:01:42.246 [main] INFO  o.s.v.b.OptionalValidatorFactoryBean - Failed to set up a Bean Validation provider: jakarta.validation.NoProviderFoundException: Unable to create a Configuration, because no Jakarta Bean Validation provider could be found. Add a provider like Hibernate Validator (RI) to your classpath.
2025-05-27 12:01:42.333 [main] WARN  o.s.b.a.t.ThymeleafAutoConfiguration$DefaultTemplateResolverConfiguration - Cannot find template location: classpath:/templates/ (please add some templates, check your Thymeleaf configuration, or set spring.thymeleaf.check-template-location=false)
2025-05-27 12:01:42.473 [main] WARN  o.s.b.a.s.s.UserDetailsServiceAutoConfiguration - 

Using generated security password: 869d939a-a0ba-4462-959d-919dc64cedee

This generated password is for development use only. Your security configuration must be updated before running your application in production.

2025-05-27 12:01:42.498 [main] INFO  o.s.s.c.a.a.c.InitializeUserDetailsBeanManagerConfigurer$InitializeUserDetailsManagerConfigurer - Global AuthenticationManager configured with UserDetailsService bean with name inMemoryUserDetailsManager
2025-05-27 12:01:43.019 [main] WARN  o.s.b.a.o.j.JpaBaseConfiguration$JpaWebConfiguration - spring.jpa.open-in-view is enabled by default. Therefore, database queries may be performed during view rendering. Explicitly configure spring.jpa.open-in-view to disable this warning
2025-05-27 12:01:43.534 [main] INFO  o.a.coyote.http11.Http11NioProtocol - Starting ProtocolHandler ["http-nio-8081"]
2025-05-27 12:01:43.548 [main] INFO  o.s.b.w.e.tomcat.TomcatWebServer - Tomcat started on port 8081 (http) with context path '/'
2025-05-27 12:01:43.567 [main] INFO  c.C.P.PersonalBlogApplication - Started PersonalBlogApplication in 10.815 seconds (process running for 12.231)
2025-05-27 12:01:43.766 [scheduling-1] WARN  o.h.p.entity.AbstractEntityPersister - HHH000502: The [user] property of the [com.CloudWhite.PersonalBlog.Entity.article.article] entity was modified, but it won't be updated because the property is immutable.
2025-05-27 12:01:43.768 [scheduling-1] WARN  o.h.p.entity.AbstractEntityPersister - HHH000502: The [user] property of the [com.CloudWhite.PersonalBlog.Entity.article.article] entity was modified, but it won't be updated because the property is immutable.
2025-05-27 12:01:43.768 [scheduling-1] WARN  o.h.p.entity.AbstractEntityPersister - HHH000502: The [user] property of the [com.CloudWhite.PersonalBlog.Entity.article.article] entity was modified, but it won't be updated because the property is immutable.
2025-05-27 12:01:43.769 [scheduling-1] WARN  o.h.p.entity.AbstractEntityPersister - HHH000502: The [user] property of the [com.CloudWhite.PersonalBlog.Entity.article.article] entity was modified, but it won't be updated because the property is immutable.
2025-05-27 12:01:43.769 [scheduling-1] WARN  o.h.p.entity.AbstractEntityPersister - HHH000502: The [user] property of the [com.CloudWhite.PersonalBlog.Entity.article.article] entity was modified, but it won't be updated because the property is immutable.
2025-05-27 12:01:43.769 [scheduling-1] WARN  o.h.p.entity.AbstractEntityPersister - HHH000502: The [user] property of the [com.CloudWhite.PersonalBlog.Entity.article.article] entity was modified, but it won't be updated because the property is immutable.
2025-05-27 12:01:43.769 [scheduling-1] WARN  o.h.p.entity.AbstractEntityPersister - HHH000502: The [user] property of the [com.CloudWhite.PersonalBlog.Entity.article.article] entity was modified, but it won't be updated because the property is immutable.
2025-05-27 12:03:15.644 [SpringApplicationShutdownHook] INFO  o.s.b.w.e.tomcat.GracefulShutdown - Commencing graceful shutdown. Waiting for active requests to complete
2025-05-27 12:03:16.536 [tomcat-shutdown] INFO  o.s.b.w.e.tomcat.GracefulShutdown - Graceful shutdown complete
2025-05-27 12:03:16.573 [SpringApplicationShutdownHook] INFO  o.s.o.j.LocalContainerEntityManagerFactoryBean - Closing JPA EntityManagerFactory for persistence unit 'default'
2025-05-27 12:03:16.576 [SpringApplicationShutdownHook] INFO  com.zaxxer.hikari.HikariDataSource - HikariPool-1 - Shutdown initiated...
2025-05-27 12:03:16.583 [SpringApplicationShutdownHook] INFO  com.zaxxer.hikari.HikariDataSource - HikariPool-1 - Shutdown completed.
2025-05-27 12:03:24.724 [main] INFO  c.C.P.PersonalBlogApplication - Starting PersonalBlogApplication using Java 17.0.14 with PID 30644 (D:\GitHub\study\PersonalBlog\target\classes started by 刘文杰 in D:\GitHub\study\PersonalBlog)
2025-05-27 12:03:24.727 [main] INFO  c.C.P.PersonalBlogApplication - No active profile set, falling back to 1 default profile: "default"
2025-05-27 12:03:25.923 [main] INFO  o.s.d.r.c.RepositoryConfigurationDelegate - Multiple Spring Data modules found, entering strict repository configuration mode
2025-05-27 12:03:25.924 [main] INFO  o.s.d.r.c.RepositoryConfigurationDelegate - Bootstrapping Spring Data JPA repositories in DEFAULT mode.
2025-05-27 12:03:26.199 [main] INFO  o.s.d.r.c.RepositoryConfigurationDelegate - Finished Spring Data repository scanning in 263 ms. Found 10 JPA repository interfaces.
2025-05-27 12:03:26.216 [main] INFO  o.s.d.r.c.RepositoryConfigurationDelegate - Multiple Spring Data modules found, entering strict repository configuration mode
2025-05-27 12:03:26.219 [main] INFO  o.s.d.r.c.RepositoryConfigurationDelegate - Bootstrapping Spring Data Redis repositories in DEFAULT mode.
2025-05-27 12:03:26.241 [main] INFO  o.s.d.r.c.RepositoryConfigurationExtensionSupport - Spring Data Redis - Could not safely identify store assignment for repository candidate interface com.CloudWhite.PersonalBlog.Dao.article.articleDao; If you want this repository to be a Redis repository, consider annotating your entities with one of these annotations: org.springframework.data.redis.core.RedisHash (preferred), or consider extending one of the following types with your repository: org.springframework.data.keyvalue.repository.KeyValueRepository
2025-05-27 12:03:26.241 [main] INFO  o.s.d.r.c.RepositoryConfigurationExtensionSupport - Spring Data Redis - Could not safely identify store assignment for repository candidate interface com.CloudWhite.PersonalBlog.Dao.article.articleInfoDao; If you want this repository to be a Redis repository, consider annotating your entities with one of these annotations: org.springframework.data.redis.core.RedisHash (preferred), or consider extending one of the following types with your repository: org.springframework.data.keyvalue.repository.KeyValueRepository
2025-05-27 12:03:26.241 [main] INFO  o.s.d.r.c.RepositoryConfigurationExtensionSupport - Spring Data Redis - Could not safely identify store assignment for repository candidate interface com.CloudWhite.PersonalBlog.Dao.DTO.tokenDao; If you want this repository to be a Redis repository, consider annotating your entities with one of these annotations: org.springframework.data.redis.core.RedisHash (preferred), or consider extending one of the following types with your repository: org.springframework.data.keyvalue.repository.KeyValueRepository
2025-05-27 12:03:26.241 [main] INFO  o.s.d.r.c.RepositoryConfigurationExtensionSupport - Spring Data Redis - Could not safely identify store assignment for repository candidate interface com.CloudWhite.PersonalBlog.Dao.friendListDao; If you want this repository to be a Redis repository, consider annotating your entities with one of these annotations: org.springframework.data.redis.core.RedisHash (preferred), or consider extending one of the following types with your repository: org.springframework.data.keyvalue.repository.KeyValueRepository
2025-05-27 12:03:26.242 [main] INFO  o.s.d.r.c.RepositoryConfigurationExtensionSupport - Spring Data Redis - Could not safely identify store assignment for repository candidate interface com.CloudWhite.PersonalBlog.Dao.messageDao; If you want this repository to be a Redis repository, consider annotating your entities with one of these annotations: org.springframework.data.redis.core.RedisHash (preferred), or consider extending one of the following types with your repository: org.springframework.data.keyvalue.repository.KeyValueRepository
2025-05-27 12:03:26.242 [main] INFO  o.s.d.r.c.RepositoryConfigurationExtensionSupport - Spring Data Redis - Could not safely identify store assignment for repository candidate interface com.CloudWhite.PersonalBlog.Dao.notice.noticeDao; If you want this repository to be a Redis repository, consider annotating your entities with one of these annotations: org.springframework.data.redis.core.RedisHash (preferred), or consider extending one of the following types with your repository: org.springframework.data.keyvalue.repository.KeyValueRepository
2025-05-27 12:03:26.243 [main] INFO  o.s.d.r.c.RepositoryConfigurationExtensionSupport - Spring Data Redis - Could not safely identify store assignment for repository candidate interface com.CloudWhite.PersonalBlog.Dao.notice.noticeInfoDao; If you want this repository to be a Redis repository, consider annotating your entities with one of these annotations: org.springframework.data.redis.core.RedisHash (preferred), or consider extending one of the following types with your repository: org.springframework.data.keyvalue.repository.KeyValueRepository
2025-05-27 12:03:26.243 [main] INFO  o.s.d.r.c.RepositoryConfigurationExtensionSupport - Spring Data Redis - Could not safely identify store assignment for repository candidate interface com.CloudWhite.PersonalBlog.Dao.projectDao; If you want this repository to be a Redis repository, consider annotating your entities with one of these annotations: org.springframework.data.redis.core.RedisHash (preferred), or consider extending one of the following types with your repository: org.springframework.data.keyvalue.repository.KeyValueRepository
2025-05-27 12:03:26.243 [main] INFO  o.s.d.r.c.RepositoryConfigurationExtensionSupport - Spring Data Redis - Could not safely identify store assignment for repository candidate interface com.CloudWhite.PersonalBlog.Dao.starDao; If you want this repository to be a Redis repository, consider annotating your entities with one of these annotations: org.springframework.data.redis.core.RedisHash (preferred), or consider extending one of the following types with your repository: org.springframework.data.keyvalue.repository.KeyValueRepository
2025-05-27 12:03:26.243 [main] INFO  o.s.d.r.c.RepositoryConfigurationExtensionSupport - Spring Data Redis - Could not safely identify store assignment for repository candidate interface com.CloudWhite.PersonalBlog.Dao.userDao; If you want this repository to be a Redis repository, consider annotating your entities with one of these annotations: org.springframework.data.redis.core.RedisHash (preferred), or consider extending one of the following types with your repository: org.springframework.data.keyvalue.repository.KeyValueRepository
2025-05-27 12:03:26.243 [main] INFO  o.s.d.r.c.RepositoryConfigurationDelegate - Finished Spring Data repository scanning in 14 ms. Found 0 Redis repository interfaces.
2025-05-27 12:03:27.102 [main] INFO  o.s.b.w.e.tomcat.TomcatWebServer - Tomcat initialized with port 8081 (http)
2025-05-27 12:03:27.114 [main] INFO  o.a.coyote.http11.Http11NioProtocol - Initializing ProtocolHandler ["http-nio-8081"]
2025-05-27 12:03:27.116 [main] INFO  o.a.catalina.core.StandardService - Starting service [Tomcat]
2025-05-27 12:03:27.117 [main] INFO  o.a.catalina.core.StandardEngine - Starting Servlet engine: [Apache Tomcat/10.1.39]
2025-05-27 12:03:27.210 [main] INFO  o.a.c.c.C.[Tomcat].[localhost].[/] - Initializing Spring embedded WebApplicationContext
2025-05-27 12:03:27.211 [main] INFO  o.s.b.w.s.c.ServletWebServerApplicationContext - Root WebApplicationContext: initialization completed in 2402 ms
2025-05-27 12:03:27.412 [main] INFO  o.h.jpa.internal.util.LogHelper - HHH000204: Processing PersistenceUnitInfo [name: default]
2025-05-27 12:03:27.462 [main] INFO  org.hibernate.Version - HHH000412: Hibernate ORM core version 6.6.11.Final
2025-05-27 12:03:27.494 [main] INFO  o.h.c.i.RegionFactoryInitiator - HHH000026: Second-level cache disabled
2025-05-27 12:03:27.756 [main] INFO  o.s.o.j.p.SpringPersistenceUnitInfo - No LoadTimeWeaver setup: ignoring JPA class transformer
2025-05-27 12:03:27.789 [main] INFO  com.zaxxer.hikari.HikariDataSource - HikariPool-1 - Starting...
2025-05-27 12:03:27.921 [main] INFO  com.zaxxer.hikari.pool.HikariPool - HikariPool-1 - Added connection com.mysql.cj.jdbc.ConnectionImpl@e344f14
2025-05-27 12:03:27.923 [main] INFO  com.zaxxer.hikari.HikariDataSource - HikariPool-1 - Start completed.
2025-05-27 12:03:27.974 [main] WARN  org.hibernate.orm.deprecation - HHH90000025: MySQL8Dialect does not need to be specified explicitly using 'hibernate.dialect' (remove the property setting and it will be selected by default)
2025-05-27 12:03:27.976 [main] WARN  org.hibernate.orm.deprecation - HHH90000026: MySQL8Dialect has been deprecated; use org.hibernate.dialect.MySQLDialect instead
2025-05-27 12:03:27.992 [main] INFO  o.hibernate.orm.connections.pooling - HHH10001005: Database info:
	Database JDBC URL [Connecting through datasource 'HikariDataSource (HikariPool-1)']
	Database driver: undefined/unknown
	Database version: 8.0
	Autocommit mode: undefined/unknown
	Isolation level: undefined/unknown
	Minimum pool size: undefined/unknown
	Maximum pool size: undefined/unknown
2025-05-27 12:03:29.049 [main] INFO  o.h.e.t.j.p.i.JtaPlatformInitiator - HHH000489: No JTA platform available (set 'hibernate.transaction.jta.platform' to enable JTA platform integration)
2025-05-27 12:03:29.053 [main] INFO  o.s.o.j.LocalContainerEntityManagerFactoryBean - Initialized JPA EntityManagerFactory for persistence unit 'default'
2025-05-27 12:03:29.373 [main] INFO  o.s.d.j.r.query.QueryEnhancerFactory - Hibernate is in classpath; If applicable, HQL parser will be used.
2025-05-27 12:03:31.653 [main] INFO  org.redisson.Version - Redisson 3.23.3
2025-05-27 12:03:31.816 [redisson-netty-5-4] INFO  o.r.c.p.MasterPubSubConnectionPool - 1 connections initialized for 127.0.0.1/127.0.0.1:6379
2025-05-27 12:03:31.958 [redisson-netty-5-19] INFO  o.r.c.pool.MasterConnectionPool - 24 connections initialized for 127.0.0.1/127.0.0.1:6379
2025-05-27 12:03:32.303 [main] DEBUG c.C.P.D.m.getAllRecentMessagesForAllFriends - ==>  Preparing: SELECT LEAST(u1.user_id, u2.user_id) AS user_id, GREATEST(u1.user_id, u2.user_id) AS friend_id, m.message_id, m.sender_name, m.receiver_name, m.message, m.send_time FROM friendlist f JOIN user u1 ON f.user_id = u1.user_id JOIN user u2 ON f.friend_id = u2.user_id JOIN ( SELECT sender_name, receiver_name, message_id, message, send_time FROM ( SELECT *, ROW_NUMBER() OVER ( PARTITION BY CASE WHEN sender_name < receiver_name THEN CONCAT(sender_name, '_', receiver_name) ELSE CONCAT(receiver_name, '_', sender_name) END ORDER BY send_time DESC ) AS rn FROM message ) t WHERE rn <= 10 ) m ON ( (m.sender_name = u1.username AND m.receiver_name = u2.username) OR (m.sender_name = u2.username AND m.receiver_name = u1.username) ) WHERE u1.user_id < u2.user_id ORDER BY user_id, friend_id, send_time DESC;
2025-05-27 12:03:32.317 [main] DEBUG c.C.P.D.m.getAllRecentMessagesForAllFriends - ==> Parameters: 
2025-05-27 12:03:32.331 [main] TRACE c.C.P.D.m.getAllRecentMessagesForAllFriends - <==    Columns: user_id, friend_id, message_id, sender_name, receiver_name, message, send_time
2025-05-27 12:03:32.336 [main] TRACE c.C.P.D.m.getAllRecentMessagesForAllFriends - <==        Row: 1, 2, 1, liuwenjie, fengjiewei, <<BLOB>>, 2025-05-17 14:37:24.703
2025-05-27 12:03:32.338 [main] TRACE c.C.P.D.m.getAllRecentMessagesForAllFriends - <==        Row: 1, 10, 2, liuwenjie, zhangjunwei, <<BLOB>>, 2025-05-17 14:37:53.243
2025-05-27 12:03:32.339 [main] DEBUG c.C.P.D.m.getAllRecentMessagesForAllFriends - <==      Total: 2
2025-05-27 12:03:32.829 [main] INFO  o.s.v.b.OptionalValidatorFactoryBean - Failed to set up a Bean Validation provider: jakarta.validation.NoProviderFoundException: Unable to create a Configuration, because no Jakarta Bean Validation provider could be found. Add a provider like Hibernate Validator (RI) to your classpath.
2025-05-27 12:03:32.924 [main] WARN  o.s.b.a.t.ThymeleafAutoConfiguration$DefaultTemplateResolverConfiguration - Cannot find template location: classpath:/templates/ (please add some templates, check your Thymeleaf configuration, or set spring.thymeleaf.check-template-location=false)
2025-05-27 12:03:33.094 [main] WARN  o.s.b.a.s.s.UserDetailsServiceAutoConfiguration - 

Using generated security password: b6b29865-3d61-4dbf-a006-c057de87bbfa

This generated password is for development use only. Your security configuration must be updated before running your application in production.

2025-05-27 12:03:33.122 [main] INFO  o.s.s.c.a.a.c.InitializeUserDetailsBeanManagerConfigurer$InitializeUserDetailsManagerConfigurer - Global AuthenticationManager configured with UserDetailsService bean with name inMemoryUserDetailsManager
2025-05-27 12:03:33.870 [main] WARN  o.s.b.a.o.j.JpaBaseConfiguration$JpaWebConfiguration - spring.jpa.open-in-view is enabled by default. Therefore, database queries may be performed during view rendering. Explicitly configure spring.jpa.open-in-view to disable this warning
2025-05-27 12:03:34.780 [main] INFO  o.a.coyote.http11.Http11NioProtocol - Starting ProtocolHandler ["http-nio-8081"]
2025-05-27 12:03:34.799 [main] INFO  o.s.b.w.e.tomcat.TomcatWebServer - Tomcat started on port 8081 (http) with context path '/'
2025-05-27 12:03:34.827 [main] INFO  c.C.P.PersonalBlogApplication - Started PersonalBlogApplication in 10.733 seconds (process running for 12.113)
2025-05-27 12:03:35.116 [scheduling-1] WARN  o.h.p.entity.AbstractEntityPersister - HHH000502: The [user] property of the [com.CloudWhite.PersonalBlog.Entity.article.article] entity was modified, but it won't be updated because the property is immutable.
2025-05-27 12:03:35.118 [scheduling-1] WARN  o.h.p.entity.AbstractEntityPersister - HHH000502: The [user] property of the [com.CloudWhite.PersonalBlog.Entity.article.article] entity was modified, but it won't be updated because the property is immutable.
2025-05-27 12:03:35.119 [scheduling-1] WARN  o.h.p.entity.AbstractEntityPersister - HHH000502: The [user] property of the [com.CloudWhite.PersonalBlog.Entity.article.article] entity was modified, but it won't be updated because the property is immutable.
2025-05-27 12:03:35.119 [scheduling-1] WARN  o.h.p.entity.AbstractEntityPersister - HHH000502: The [user] property of the [com.CloudWhite.PersonalBlog.Entity.article.article] entity was modified, but it won't be updated because the property is immutable.
2025-05-27 12:03:35.120 [scheduling-1] WARN  o.h.p.entity.AbstractEntityPersister - HHH000502: The [user] property of the [com.CloudWhite.PersonalBlog.Entity.article.article] entity was modified, but it won't be updated because the property is immutable.
2025-05-27 12:03:35.121 [scheduling-1] WARN  o.h.p.entity.AbstractEntityPersister - HHH000502: The [user] property of the [com.CloudWhite.PersonalBlog.Entity.article.article] entity was modified, but it won't be updated because the property is immutable.
2025-05-27 12:03:35.121 [scheduling-1] WARN  o.h.p.entity.AbstractEntityPersister - HHH000502: The [user] property of the [com.CloudWhite.PersonalBlog.Entity.article.article] entity was modified, but it won't be updated because the property is immutable.
2025-05-27 12:04:33.454 [SpringApplicationShutdownHook] INFO  o.s.b.w.e.tomcat.GracefulShutdown - Commencing graceful shutdown. Waiting for active requests to complete
2025-05-27 12:04:34.585 [tomcat-shutdown] INFO  o.s.b.w.e.tomcat.GracefulShutdown - Graceful shutdown complete
2025-05-27 12:04:34.621 [SpringApplicationShutdownHook] INFO  o.s.o.j.LocalContainerEntityManagerFactoryBean - Closing JPA EntityManagerFactory for persistence unit 'default'
2025-05-27 12:04:34.623 [SpringApplicationShutdownHook] INFO  com.zaxxer.hikari.HikariDataSource - HikariPool-1 - Shutdown initiated...
2025-05-27 12:04:34.632 [SpringApplicationShutdownHook] INFO  com.zaxxer.hikari.HikariDataSource - HikariPool-1 - Shutdown completed.
2025-05-27 12:04:42.559 [main] INFO  c.C.P.PersonalBlogApplication - Starting PersonalBlogApplication using Java 17.0.14 with PID 45964 (D:\GitHub\study\PersonalBlog\target\classes started by 刘文杰 in D:\GitHub\study\PersonalBlog)
2025-05-27 12:04:42.566 [main] INFO  c.C.P.PersonalBlogApplication - No active profile set, falling back to 1 default profile: "default"
2025-05-27 12:04:43.817 [main] INFO  o.s.d.r.c.RepositoryConfigurationDelegate - Multiple Spring Data modules found, entering strict repository configuration mode
2025-05-27 12:04:43.819 [main] INFO  o.s.d.r.c.RepositoryConfigurationDelegate - Bootstrapping Spring Data JPA repositories in DEFAULT mode.
2025-05-27 12:04:44.129 [main] INFO  o.s.d.r.c.RepositoryConfigurationDelegate - Finished Spring Data repository scanning in 299 ms. Found 10 JPA repository interfaces.
2025-05-27 12:04:44.149 [main] INFO  o.s.d.r.c.RepositoryConfigurationDelegate - Multiple Spring Data modules found, entering strict repository configuration mode
2025-05-27 12:04:44.150 [main] INFO  o.s.d.r.c.RepositoryConfigurationDelegate - Bootstrapping Spring Data Redis repositories in DEFAULT mode.
2025-05-27 12:04:44.174 [main] INFO  o.s.d.r.c.RepositoryConfigurationExtensionSupport - Spring Data Redis - Could not safely identify store assignment for repository candidate interface com.CloudWhite.PersonalBlog.Dao.article.articleDao; If you want this repository to be a Redis repository, consider annotating your entities with one of these annotations: org.springframework.data.redis.core.RedisHash (preferred), or consider extending one of the following types with your repository: org.springframework.data.keyvalue.repository.KeyValueRepository
2025-05-27 12:04:44.175 [main] INFO  o.s.d.r.c.RepositoryConfigurationExtensionSupport - Spring Data Redis - Could not safely identify store assignment for repository candidate interface com.CloudWhite.PersonalBlog.Dao.article.articleInfoDao; If you want this repository to be a Redis repository, consider annotating your entities with one of these annotations: org.springframework.data.redis.core.RedisHash (preferred), or consider extending one of the following types with your repository: org.springframework.data.keyvalue.repository.KeyValueRepository
2025-05-27 12:04:44.175 [main] INFO  o.s.d.r.c.RepositoryConfigurationExtensionSupport - Spring Data Redis - Could not safely identify store assignment for repository candidate interface com.CloudWhite.PersonalBlog.Dao.DTO.tokenDao; If you want this repository to be a Redis repository, consider annotating your entities with one of these annotations: org.springframework.data.redis.core.RedisHash (preferred), or consider extending one of the following types with your repository: org.springframework.data.keyvalue.repository.KeyValueRepository
2025-05-27 12:04:44.175 [main] INFO  o.s.d.r.c.RepositoryConfigurationExtensionSupport - Spring Data Redis - Could not safely identify store assignment for repository candidate interface com.CloudWhite.PersonalBlog.Dao.friendListDao; If you want this repository to be a Redis repository, consider annotating your entities with one of these annotations: org.springframework.data.redis.core.RedisHash (preferred), or consider extending one of the following types with your repository: org.springframework.data.keyvalue.repository.KeyValueRepository
2025-05-27 12:04:44.175 [main] INFO  o.s.d.r.c.RepositoryConfigurationExtensionSupport - Spring Data Redis - Could not safely identify store assignment for repository candidate interface com.CloudWhite.PersonalBlog.Dao.messageDao; If you want this repository to be a Redis repository, consider annotating your entities with one of these annotations: org.springframework.data.redis.core.RedisHash (preferred), or consider extending one of the following types with your repository: org.springframework.data.keyvalue.repository.KeyValueRepository
2025-05-27 12:04:44.176 [main] INFO  o.s.d.r.c.RepositoryConfigurationExtensionSupport - Spring Data Redis - Could not safely identify store assignment for repository candidate interface com.CloudWhite.PersonalBlog.Dao.notice.noticeDao; If you want this repository to be a Redis repository, consider annotating your entities with one of these annotations: org.springframework.data.redis.core.RedisHash (preferred), or consider extending one of the following types with your repository: org.springframework.data.keyvalue.repository.KeyValueRepository
2025-05-27 12:04:44.177 [main] INFO  o.s.d.r.c.RepositoryConfigurationExtensionSupport - Spring Data Redis - Could not safely identify store assignment for repository candidate interface com.CloudWhite.PersonalBlog.Dao.notice.noticeInfoDao; If you want this repository to be a Redis repository, consider annotating your entities with one of these annotations: org.springframework.data.redis.core.RedisHash (preferred), or consider extending one of the following types with your repository: org.springframework.data.keyvalue.repository.KeyValueRepository
2025-05-27 12:04:44.177 [main] INFO  o.s.d.r.c.RepositoryConfigurationExtensionSupport - Spring Data Redis - Could not safely identify store assignment for repository candidate interface com.CloudWhite.PersonalBlog.Dao.projectDao; If you want this repository to be a Redis repository, consider annotating your entities with one of these annotations: org.springframework.data.redis.core.RedisHash (preferred), or consider extending one of the following types with your repository: org.springframework.data.keyvalue.repository.KeyValueRepository
2025-05-27 12:04:44.178 [main] INFO  o.s.d.r.c.RepositoryConfigurationExtensionSupport - Spring Data Redis - Could not safely identify store assignment for repository candidate interface com.CloudWhite.PersonalBlog.Dao.starDao; If you want this repository to be a Redis repository, consider annotating your entities with one of these annotations: org.springframework.data.redis.core.RedisHash (preferred), or consider extending one of the following types with your repository: org.springframework.data.keyvalue.repository.KeyValueRepository
2025-05-27 12:04:44.178 [main] INFO  o.s.d.r.c.RepositoryConfigurationExtensionSupport - Spring Data Redis - Could not safely identify store assignment for repository candidate interface com.CloudWhite.PersonalBlog.Dao.userDao; If you want this repository to be a Redis repository, consider annotating your entities with one of these annotations: org.springframework.data.redis.core.RedisHash (preferred), or consider extending one of the following types with your repository: org.springframework.data.keyvalue.repository.KeyValueRepository
2025-05-27 12:04:44.178 [main] INFO  o.s.d.r.c.RepositoryConfigurationDelegate - Finished Spring Data repository scanning in 17 ms. Found 0 Redis repository interfaces.
2025-05-27 12:04:45.167 [main] INFO  o.s.b.w.e.tomcat.TomcatWebServer - Tomcat initialized with port 8081 (http)
2025-05-27 12:04:45.182 [main] INFO  o.a.coyote.http11.Http11NioProtocol - Initializing ProtocolHandler ["http-nio-8081"]
2025-05-27 12:04:45.184 [main] INFO  o.a.catalina.core.StandardService - Starting service [Tomcat]
2025-05-27 12:04:45.184 [main] INFO  o.a.catalina.core.StandardEngine - Starting Servlet engine: [Apache Tomcat/10.1.39]
2025-05-27 12:04:45.295 [main] INFO  o.a.c.c.C.[Tomcat].[localhost].[/] - Initializing Spring embedded WebApplicationContext
2025-05-27 12:04:45.296 [main] INFO  o.s.b.w.s.c.ServletWebServerApplicationContext - Root WebApplicationContext: initialization completed in 2643 ms
2025-05-27 12:04:45.528 [main] INFO  o.h.jpa.internal.util.LogHelper - HHH000204: Processing PersistenceUnitInfo [name: default]
2025-05-27 12:04:45.581 [main] INFO  org.hibernate.Version - HHH000412: Hibernate ORM core version 6.6.11.Final
2025-05-27 12:04:45.619 [main] INFO  o.h.c.i.RegionFactoryInitiator - HHH000026: Second-level cache disabled
2025-05-27 12:04:45.923 [main] INFO  o.s.o.j.p.SpringPersistenceUnitInfo - No LoadTimeWeaver setup: ignoring JPA class transformer
2025-05-27 12:04:45.958 [main] INFO  com.zaxxer.hikari.HikariDataSource - HikariPool-1 - Starting...
2025-05-27 12:04:46.106 [main] INFO  com.zaxxer.hikari.pool.HikariPool - HikariPool-1 - Added connection com.mysql.cj.jdbc.ConnectionImpl@2d117280
2025-05-27 12:04:46.108 [main] INFO  com.zaxxer.hikari.HikariDataSource - HikariPool-1 - Start completed.
2025-05-27 12:04:46.158 [main] WARN  org.hibernate.orm.deprecation - HHH90000025: MySQL8Dialect does not need to be specified explicitly using 'hibernate.dialect' (remove the property setting and it will be selected by default)
2025-05-27 12:04:46.159 [main] WARN  org.hibernate.orm.deprecation - HHH90000026: MySQL8Dialect has been deprecated; use org.hibernate.dialect.MySQLDialect instead
2025-05-27 12:04:46.177 [main] INFO  o.hibernate.orm.connections.pooling - HHH10001005: Database info:
	Database JDBC URL [Connecting through datasource 'HikariDataSource (HikariPool-1)']
	Database driver: undefined/unknown
	Database version: 8.0
	Autocommit mode: undefined/unknown
	Isolation level: undefined/unknown
	Minimum pool size: undefined/unknown
	Maximum pool size: undefined/unknown
2025-05-27 12:04:47.387 [main] INFO  o.h.e.t.j.p.i.JtaPlatformInitiator - HHH000489: No JTA platform available (set 'hibernate.transaction.jta.platform' to enable JTA platform integration)
2025-05-27 12:04:47.391 [main] INFO  o.s.o.j.LocalContainerEntityManagerFactoryBean - Initialized JPA EntityManagerFactory for persistence unit 'default'
2025-05-27 12:04:47.730 [main] INFO  o.s.d.j.r.query.QueryEnhancerFactory - Hibernate is in classpath; If applicable, HQL parser will be used.
2025-05-27 12:04:49.902 [main] INFO  org.redisson.Version - Redisson 3.23.3
2025-05-27 12:04:50.044 [redisson-netty-5-5] INFO  o.r.c.p.MasterPubSubConnectionPool - 1 connections initialized for 127.0.0.1/127.0.0.1:6379
2025-05-27 12:04:50.148 [redisson-netty-5-19] INFO  o.r.c.pool.MasterConnectionPool - 24 connections initialized for 127.0.0.1/127.0.0.1:6379
2025-05-27 12:04:50.416 [main] DEBUG c.C.P.D.m.getAllRecentMessagesForAllFriends - ==>  Preparing: SELECT LEAST(u1.user_id, u2.user_id) AS user_id, GREATEST(u1.user_id, u2.user_id) AS friend_id, m.message_id, m.sender_name, m.receiver_name, m.message, m.send_time FROM friendlist f JOIN user u1 ON f.user_id = u1.user_id JOIN user u2 ON f.friend_id = u2.user_id JOIN ( SELECT sender_name, receiver_name, message_id, message, send_time FROM ( SELECT *, ROW_NUMBER() OVER ( PARTITION BY CASE WHEN sender_name < receiver_name THEN CONCAT(sender_name, '_', receiver_name) ELSE CONCAT(receiver_name, '_', sender_name) END ORDER BY send_time DESC ) AS rn FROM message ) t WHERE rn <= 10 ) m ON ( (m.sender_name = u1.username AND m.receiver_name = u2.username) OR (m.sender_name = u2.username AND m.receiver_name = u1.username) ) WHERE u1.user_id < u2.user_id ORDER BY user_id, friend_id, send_time DESC;
2025-05-27 12:04:50.427 [main] DEBUG c.C.P.D.m.getAllRecentMessagesForAllFriends - ==> Parameters: 
2025-05-27 12:04:50.441 [main] TRACE c.C.P.D.m.getAllRecentMessagesForAllFriends - <==    Columns: user_id, friend_id, message_id, sender_name, receiver_name, message, send_time
2025-05-27 12:04:50.444 [main] TRACE c.C.P.D.m.getAllRecentMessagesForAllFriends - <==        Row: 1, 2, 1, liuwenjie, fengjiewei, <<BLOB>>, 2025-05-17 14:37:24.703
2025-05-27 12:04:50.447 [main] TRACE c.C.P.D.m.getAllRecentMessagesForAllFriends - <==        Row: 1, 10, 2, liuwenjie, zhangjunwei, <<BLOB>>, 2025-05-17 14:37:53.243
2025-05-27 12:04:50.447 [main] DEBUG c.C.P.D.m.getAllRecentMessagesForAllFriends - <==      Total: 2
2025-05-27 12:04:50.843 [main] INFO  o.s.v.b.OptionalValidatorFactoryBean - Failed to set up a Bean Validation provider: jakarta.validation.NoProviderFoundException: Unable to create a Configuration, because no Jakarta Bean Validation provider could be found. Add a provider like Hibernate Validator (RI) to your classpath.
2025-05-27 12:04:50.923 [main] WARN  o.s.b.a.t.ThymeleafAutoConfiguration$DefaultTemplateResolverConfiguration - Cannot find template location: classpath:/templates/ (please add some templates, check your Thymeleaf configuration, or set spring.thymeleaf.check-template-location=false)
2025-05-27 12:04:51.074 [main] WARN  o.s.b.a.s.s.UserDetailsServiceAutoConfiguration - 

Using generated security password: 5a4ee273-e263-469c-be57-72b54d7f465a

This generated password is for development use only. Your security configuration must be updated before running your application in production.

2025-05-27 12:04:51.099 [main] INFO  o.s.s.c.a.a.c.InitializeUserDetailsBeanManagerConfigurer$InitializeUserDetailsManagerConfigurer - Global AuthenticationManager configured with UserDetailsService bean with name inMemoryUserDetailsManager
2025-05-27 12:04:51.657 [main] WARN  o.s.b.a.o.j.JpaBaseConfiguration$JpaWebConfiguration - spring.jpa.open-in-view is enabled by default. Therefore, database queries may be performed during view rendering. Explicitly configure spring.jpa.open-in-view to disable this warning
2025-05-27 12:04:52.139 [main] INFO  o.a.coyote.http11.Http11NioProtocol - Starting ProtocolHandler ["http-nio-8081"]
2025-05-27 12:04:52.152 [main] INFO  o.s.b.w.e.tomcat.TomcatWebServer - Tomcat started on port 8081 (http) with context path '/'
2025-05-27 12:04:52.170 [main] INFO  c.C.P.PersonalBlogApplication - Started PersonalBlogApplication in 10.255 seconds (process running for 11.629)
2025-05-27 12:04:52.351 [scheduling-1] WARN  o.h.p.entity.AbstractEntityPersister - HHH000502: The [user] property of the [com.CloudWhite.PersonalBlog.Entity.article.article] entity was modified, but it won't be updated because the property is immutable.
2025-05-27 12:04:52.353 [scheduling-1] WARN  o.h.p.entity.AbstractEntityPersister - HHH000502: The [user] property of the [com.CloudWhite.PersonalBlog.Entity.article.article] entity was modified, but it won't be updated because the property is immutable.
2025-05-27 12:04:52.353 [scheduling-1] WARN  o.h.p.entity.AbstractEntityPersister - HHH000502: The [user] property of the [com.CloudWhite.PersonalBlog.Entity.article.article] entity was modified, but it won't be updated because the property is immutable.
2025-05-27 12:04:52.353 [scheduling-1] WARN  o.h.p.entity.AbstractEntityPersister - HHH000502: The [user] property of the [com.CloudWhite.PersonalBlog.Entity.article.article] entity was modified, but it won't be updated because the property is immutable.
2025-05-27 12:04:52.354 [scheduling-1] WARN  o.h.p.entity.AbstractEntityPersister - HHH000502: The [user] property of the [com.CloudWhite.PersonalBlog.Entity.article.article] entity was modified, but it won't be updated because the property is immutable.
2025-05-27 12:04:52.354 [scheduling-1] WARN  o.h.p.entity.AbstractEntityPersister - HHH000502: The [user] property of the [com.CloudWhite.PersonalBlog.Entity.article.article] entity was modified, but it won't be updated because the property is immutable.
2025-05-27 12:04:52.354 [scheduling-1] WARN  o.h.p.entity.AbstractEntityPersister - HHH000502: The [user] property of the [com.CloudWhite.PersonalBlog.Entity.article.article] entity was modified, but it won't be updated because the property is immutable.
2025-05-27 12:06:22.438 [http-nio-8081-exec-1] INFO  o.a.c.c.C.[Tomcat].[localhost].[/] - Initializing Spring DispatcherServlet 'dispatcherServlet'
2025-05-27 12:06:22.439 [http-nio-8081-exec-1] INFO  o.s.web.servlet.DispatcherServlet - Initializing Servlet 'dispatcherServlet'
2025-05-27 12:06:22.440 [http-nio-8081-exec-1] INFO  o.s.web.servlet.DispatcherServlet - Completed initialization in 1 ms
2025-05-27 12:07:52.239 [scheduling-1] WARN  o.h.p.entity.AbstractEntityPersister - HHH000502: The [user] property of the [com.CloudWhite.PersonalBlog.Entity.article.article] entity was modified, but it won't be updated because the property is immutable.
2025-05-27 12:07:52.239 [scheduling-1] WARN  o.h.p.entity.AbstractEntityPersister - HHH000502: The [user] property of the [com.CloudWhite.PersonalBlog.Entity.article.article] entity was modified, but it won't be updated because the property is immutable.
2025-05-27 12:07:52.239 [scheduling-1] WARN  o.h.p.entity.AbstractEntityPersister - HHH000502: The [user] property of the [com.CloudWhite.PersonalBlog.Entity.article.article] entity was modified, but it won't be updated because the property is immutable.
2025-05-27 12:07:52.240 [scheduling-1] WARN  o.h.p.entity.AbstractEntityPersister - HHH000502: The [user] property of the [com.CloudWhite.PersonalBlog.Entity.article.article] entity was modified, but it won't be updated because the property is immutable.
2025-05-27 12:07:52.240 [scheduling-1] WARN  o.h.p.entity.AbstractEntityPersister - HHH000502: The [user] property of the [com.CloudWhite.PersonalBlog.Entity.article.article] entity was modified, but it won't be updated because the property is immutable.
2025-05-27 12:07:52.240 [scheduling-1] WARN  o.h.p.entity.AbstractEntityPersister - HHH000502: The [user] property of the [com.CloudWhite.PersonalBlog.Entity.article.article] entity was modified, but it won't be updated because the property is immutable.
2025-05-27 12:07:52.240 [scheduling-1] WARN  o.h.p.entity.AbstractEntityPersister - HHH000502: The [user] property of the [com.CloudWhite.PersonalBlog.Entity.article.article] entity was modified, but it won't be updated because the property is immutable.
2025-05-27 12:09:52.184 [scheduling-1] DEBUG c.C.P.Dao.mybatisDao.saveNoticeInfo - ==>  Preparing: INSERT INTO noticeinfo (user_id, is_like, notice_id) VALUES (?, ?, ?)
2025-05-27 12:09:52.185 [scheduling-1] DEBUG c.C.P.Dao.mybatisDao.saveNoticeInfo - ==> Parameters: 12(Integer), false(Boolean), 5(Integer)
2025-05-27 12:09:52.192 [scheduling-1] DEBUG c.C.P.Dao.mybatisDao.saveNoticeInfo - <==    Updates: 1
2025-05-27 12:10:52.287 [scheduling-1] WARN  o.h.p.entity.AbstractEntityPersister - HHH000502: The [user] property of the [com.CloudWhite.PersonalBlog.Entity.article.article] entity was modified, but it won't be updated because the property is immutable.
2025-05-27 12:10:52.287 [scheduling-1] WARN  o.h.p.entity.AbstractEntityPersister - HHH000502: The [user] property of the [com.CloudWhite.PersonalBlog.Entity.article.article] entity was modified, but it won't be updated because the property is immutable.
2025-05-27 12:10:52.287 [scheduling-1] WARN  o.h.p.entity.AbstractEntityPersister - HHH000502: The [user] property of the [com.CloudWhite.PersonalBlog.Entity.article.article] entity was modified, but it won't be updated because the property is immutable.
2025-05-27 12:10:52.287 [scheduling-1] WARN  o.h.p.entity.AbstractEntityPersister - HHH000502: The [user] property of the [com.CloudWhite.PersonalBlog.Entity.article.article] entity was modified, but it won't be updated because the property is immutable.
2025-05-27 12:10:52.287 [scheduling-1] WARN  o.h.p.entity.AbstractEntityPersister - HHH000502: The [user] property of the [com.CloudWhite.PersonalBlog.Entity.article.article] entity was modified, but it won't be updated because the property is immutable.
2025-05-27 12:10:52.287 [scheduling-1] WARN  o.h.p.entity.AbstractEntityPersister - HHH000502: The [user] property of the [com.CloudWhite.PersonalBlog.Entity.article.article] entity was modified, but it won't be updated because the property is immutable.
2025-05-27 12:10:52.287 [scheduling-1] WARN  o.h.p.entity.AbstractEntityPersister - HHH000502: The [user] property of the [com.CloudWhite.PersonalBlog.Entity.article.article] entity was modified, but it won't be updated because the property is immutable.
2025-05-27 12:12:52.192 [scheduling-1] INFO  o.h.e.i.DefaultLoadEventListener - HHH000327: Error performing load command
org.hibernate.PropertyAccessException: Null value was assigned to a property [class com.CloudWhite.PersonalBlog.Entity.notice.noticeInfo.noticeId] of primitive type: 'com.CloudWhite.PersonalBlog.Entity.notice.noticeInfo.noticeId' (setter)
	at org.hibernate.property.access.spi.SetterFieldImpl.set(SetterFieldImpl.java:63)
	at org.hibernate.persister.entity.AbstractEntityPersister.setPropertyValues(AbstractEntityPersister.java:4635)
	at org.hibernate.sql.results.graph.entity.internal.EntityInitializerImpl.initializeEntityInstance(EntityInitializerImpl.java:1349)
	at org.hibernate.sql.results.graph.entity.internal.EntityInitializerImpl.initializeInstance(EntityInitializerImpl.java:1312)
	at org.hibernate.sql.results.graph.entity.internal.EntityInitializerImpl.initializeInstance(EntityInitializerImpl.java:97)
	at org.hibernate.sql.results.internal.StandardRowReader.coordinateInitializers(StandardRowReader.java:244)
	at org.hibernate.sql.results.internal.StandardRowReader.readRow(StandardRowReader.java:141)
	at org.hibernate.sql.results.spi.ListResultsConsumer.readUniqueAssert(ListResultsConsumer.java:262)
	at org.hibernate.sql.results.spi.ListResultsConsumer.consume(ListResultsConsumer.java:198)
	at org.hibernate.sql.results.spi.ListResultsConsumer.consume(ListResultsConsumer.java:35)
	at org.hibernate.sql.exec.internal.JdbcSelectExecutorStandardImpl.doExecuteQuery(JdbcSelectExecutorStandardImpl.java:224)
	at org.hibernate.sql.exec.internal.JdbcSelectExecutorStandardImpl.executeQuery(JdbcSelectExecutorStandardImpl.java:102)
	at org.hibernate.sql.exec.spi.JdbcSelectExecutor.executeQuery(JdbcSelectExecutor.java:91)
	at org.hibernate.sql.exec.spi.JdbcSelectExecutor.list(JdbcSelectExecutor.java:165)
	at org.hibernate.loader.ast.internal.SingleIdLoadPlan.load(SingleIdLoadPlan.java:145)
	at org.hibernate.loader.ast.internal.SingleIdLoadPlan.load(SingleIdLoadPlan.java:117)
	at org.hibernate.loader.ast.internal.SingleIdEntityLoaderStandardImpl.load(SingleIdEntityLoaderStandardImpl.java:74)
	at org.hibernate.persister.entity.AbstractEntityPersister.doLoad(AbstractEntityPersister.java:3895)
	at org.hibernate.persister.entity.AbstractEntityPersister.load(AbstractEntityPersister.java:3884)
	at org.hibernate.event.internal.DefaultLoadEventListener.loadFromDatasource(DefaultLoadEventListener.java:604)
	at org.hibernate.event.internal.DefaultLoadEventListener.loadFromCacheOrDatasource(DefaultLoadEventListener.java:590)
	at org.hibernate.event.internal.DefaultLoadEventListener.load(DefaultLoadEventListener.java:560)
	at org.hibernate.event.internal.DefaultLoadEventListener.doLoad(DefaultLoadEventListener.java:544)
	at org.hibernate.event.internal.DefaultLoadEventListener.load(DefaultLoadEventListener.java:206)
	at org.hibernate.event.internal.DefaultLoadEventListener.loadWithRegularProxy(DefaultLoadEventListener.java:289)
	at org.hibernate.event.internal.DefaultLoadEventListener.proxyOrLoad(DefaultLoadEventListener.java:241)
	at org.hibernate.event.internal.DefaultLoadEventListener.doOnLoad(DefaultLoadEventListener.java:110)
	at org.hibernate.event.internal.DefaultLoadEventListener.onLoad(DefaultLoadEventListener.java:69)
	at org.hibernate.event.service.internal.EventListenerGroupImpl.fireEventOnEachListener(EventListenerGroupImpl.java:138)
	at org.hibernate.internal.SessionImpl.fireLoadNoChecks(SessionImpl.java:1229)
	at org.hibernate.internal.SessionImpl.fireLoad(SessionImpl.java:1217)
	at org.hibernate.loader.internal.IdentifierLoadAccessImpl.load(IdentifierLoadAccessImpl.java:210)
	at org.hibernate.loader.internal.IdentifierLoadAccessImpl.doLoad(IdentifierLoadAccessImpl.java:161)
	at org.hibernate.loader.internal.IdentifierLoadAccessImpl.lambda$load$1(IdentifierLoadAccessImpl.java:150)
	at org.hibernate.loader.internal.IdentifierLoadAccessImpl.perform(IdentifierLoadAccessImpl.java:113)
	at org.hibernate.loader.internal.IdentifierLoadAccessImpl.load(IdentifierLoadAccessImpl.java:150)
	at org.hibernate.internal.SessionImpl.get(SessionImpl.java:1030)
	at org.hibernate.event.internal.DefaultMergeEventListener.lambda$entityIsDetached$0(DefaultMergeEventListener.java:413)
	at org.hibernate.engine.spi.LoadQueryInfluencers.fromInternalFetchProfile(LoadQueryInfluencers.java:109)
	at org.hibernate.event.internal.DefaultMergeEventListener.entityIsDetached(DefaultMergeEventListener.java:411)
	at org.hibernate.event.internal.DefaultMergeEventListener.merge(DefaultMergeEventListener.java:214)
	at org.hibernate.event.internal.DefaultMergeEventListener.doMerge(DefaultMergeEventListener.java:152)
	at org.hibernate.event.internal.DefaultMergeEventListener.onMerge(DefaultMergeEventListener.java:136)
	at org.hibernate.event.internal.DefaultMergeEventListener.onMerge(DefaultMergeEventListener.java:89)
	at org.hibernate.event.service.internal.EventListenerGroupImpl.fireEventOnEachListener(EventListenerGroupImpl.java:127)
	at org.hibernate.internal.SessionImpl.fireMerge(SessionImpl.java:854)
	at org.hibernate.internal.SessionImpl.merge(SessionImpl.java:840)
	at jdk.internal.reflect.GeneratedMethodAccessor99.invoke(Unknown Source)
	at java.base/jdk.internal.reflect.DelegatingMethodAccessorImpl.invoke(DelegatingMethodAccessorImpl.java:43)
	at java.base/java.lang.reflect.Method.invoke(Method.java:568)
	at org.springframework.orm.jpa.SharedEntityManagerCreator$SharedEntityManagerInvocationHandler.invoke(SharedEntityManagerCreator.java:320)
	at jdk.proxy2/jdk.proxy2.$Proxy142.merge(Unknown Source)
	at org.springframework.data.jpa.repository.support.SimpleJpaRepository.save(SimpleJpaRepository.java:639)
	at jdk.internal.reflect.GeneratedMethodAccessor155.invoke(Unknown Source)
	at java.base/jdk.internal.reflect.DelegatingMethodAccessorImpl.invoke(DelegatingMethodAccessorImpl.java:43)
	at java.base/java.lang.reflect.Method.invoke(Method.java:568)
	at org.springframework.aop.support.AopUtils.invokeJoinpointUsingReflection(AopUtils.java:359)
	at org.springframework.data.repository.core.support.RepositoryMethodInvoker$RepositoryFragmentMethodInvoker.lambda$new$0(RepositoryMethodInvoker.java:277)
	at org.springframework.data.repository.core.support.RepositoryMethodInvoker.doInvoke(RepositoryMethodInvoker.java:170)
	at org.springframework.data.repository.core.support.RepositoryMethodInvoker.invoke(RepositoryMethodInvoker.java:158)
	at org.springframework.data.repository.core.support.RepositoryComposition$RepositoryFragments.invoke(RepositoryComposition.java:515)
	at org.springframework.data.repository.core.support.RepositoryComposition.invoke(RepositoryComposition.java:284)
	at org.springframework.data.repository.core.support.RepositoryFactorySupport$ImplementationMethodExecutionInterceptor.invoke(RepositoryFactorySupport.java:731)
	at org.springframework.aop.framework.ReflectiveMethodInvocation.proceed(ReflectiveMethodInvocation.java:184)
	at org.springframework.data.repository.core.support.QueryExecutorMethodInterceptor.doInvoke(QueryExecutorMethodInterceptor.java:174)
	at org.springframework.data.repository.core.support.QueryExecutorMethodInterceptor.invoke(QueryExecutorMethodInterceptor.java:149)
	at org.springframework.aop.framework.ReflectiveMethodInvocation.proceed(ReflectiveMethodInvocation.java:184)
	at org.springframework.data.projection.DefaultMethodInvokingMethodInterceptor.invoke(DefaultMethodInvokingMethodInterceptor.java:69)
	at org.springframework.aop.framework.ReflectiveMethodInvocation.proceed(ReflectiveMethodInvocation.java:184)
	at org.springframework.transaction.interceptor.TransactionAspectSupport.invokeWithinTransaction(TransactionAspectSupport.java:380)
	at org.springframework.transaction.interceptor.TransactionInterceptor.invoke(TransactionInterceptor.java:119)
	at org.springframework.aop.framework.ReflectiveMethodInvocation.proceed(ReflectiveMethodInvocation.java:184)
	at org.springframework.dao.support.PersistenceExceptionTranslationInterceptor.invoke(PersistenceExceptionTranslationInterceptor.java:138)
	at org.springframework.aop.framework.ReflectiveMethodInvocation.proceed(ReflectiveMethodInvocation.java:184)
	at org.springframework.data.jpa.repository.support.CrudMethodMetadataPostProcessor$CrudMethodMetadataPopulatingMethodInterceptor.invoke(CrudMethodMetadataPostProcessor.java:165)
	at org.springframework.aop.framework.ReflectiveMethodInvocation.proceed(ReflectiveMethodInvocation.java:184)
	at org.springframework.aop.framework.JdkDynamicAopProxy.invoke(JdkDynamicAopProxy.java:223)
	at jdk.proxy2/jdk.proxy2.$Proxy199.save(Unknown Source)
	at com.CloudWhite.PersonalBlog.Service.ServiceImpl.noticeServiceImpl.updateNoticeDb(noticeServiceImpl.java:237)
	at jdk.internal.reflect.GeneratedMethodAccessor154.invoke(Unknown Source)
	at java.base/jdk.internal.reflect.DelegatingMethodAccessorImpl.invoke(DelegatingMethodAccessorImpl.java:43)
	at java.base/java.lang.reflect.Method.invoke(Method.java:568)
	at org.springframework.aop.support.AopUtils.invokeJoinpointUsingReflection(AopUtils.java:359)
	at org.springframework.aop.framework.ReflectiveMethodInvocation.invokeJoinpoint(ReflectiveMethodInvocation.java:196)
	at org.springframework.aop.framework.ReflectiveMethodInvocation.proceed(ReflectiveMethodInvocation.java:163)
	at org.springframework.aop.aspectj.AspectJAfterAdvice.invoke(AspectJAfterAdvice.java:49)
	at org.springframework.aop.framework.ReflectiveMethodInvocation.proceed(ReflectiveMethodInvocation.java:184)
	at org.springframework.aop.framework.adapter.MethodBeforeAdviceInterceptor.invoke(MethodBeforeAdviceInterceptor.java:58)
	at org.springframework.aop.framework.ReflectiveMethodInvocation.proceed(ReflectiveMethodInvocation.java:184)
	at org.springframework.transaction.interceptor.TransactionAspectSupport.invokeWithinTransaction(TransactionAspectSupport.java:380)
	at org.springframework.transaction.interceptor.TransactionInterceptor.invoke(TransactionInterceptor.java:119)
	at org.springframework.aop.framework.ReflectiveMethodInvocation.proceed(ReflectiveMethodInvocation.java:184)
	at org.springframework.aop.interceptor.ExposeInvocationInterceptor.invoke(ExposeInvocationInterceptor.java:97)
	at org.springframework.aop.framework.ReflectiveMethodInvocation.proceed(ReflectiveMethodInvocation.java:184)
	at org.springframework.aop.framework.CglibAopProxy$DynamicAdvisedInterceptor.intercept(CglibAopProxy.java:727)
	at com.CloudWhite.PersonalBlog.Service.ServiceImpl.noticeServiceImpl$$SpringCGLIB$$0.updateNoticeDb(<generated>)
	at jdk.internal.reflect.GeneratedMethodAccessor154.invoke(Unknown Source)
	at java.base/jdk.internal.reflect.DelegatingMethodAccessorImpl.invoke(DelegatingMethodAccessorImpl.java:43)
	at java.base/java.lang.reflect.Method.invoke(Method.java:568)
	at org.springframework.scheduling.support.ScheduledMethodRunnable.runInternal(ScheduledMethodRunnable.java:130)
	at org.springframework.scheduling.support.ScheduledMethodRunnable.lambda$run$2(ScheduledMethodRunnable.java:124)
	at io.micrometer.observation.Observation.observe(Observation.java:498)
	at org.springframework.scheduling.support.ScheduledMethodRunnable.run(ScheduledMethodRunnable.java:124)
	at org.springframework.scheduling.config.Task$OutcomeTrackingRunnable.run(Task.java:85)
	at org.springframework.scheduling.support.DelegatingErrorHandlingRunnable.run(DelegatingErrorHandlingRunnable.java:54)
	at java.base/java.util.concurrent.Executors$RunnableAdapter.call(Executors.java:539)
	at java.base/java.util.concurrent.FutureTask.runAndReset(FutureTask.java:305)
	at java.base/java.util.concurrent.ScheduledThreadPoolExecutor$ScheduledFutureTask.run(ScheduledThreadPoolExecutor.java:305)
	at java.base/java.util.concurrent.ThreadPoolExecutor.runWorker(ThreadPoolExecutor.java:1136)
	at java.base/java.util.concurrent.ThreadPoolExecutor$Worker.run(ThreadPoolExecutor.java:635)
	at java.base/java.lang.Thread.run(Thread.java:842)
Caused by: java.lang.IllegalArgumentException: Can not set int field com.CloudWhite.PersonalBlog.Entity.notice.noticeInfo.noticeId to null value
	at java.base/jdk.internal.reflect.UnsafeFieldAccessorImpl.throwSetIllegalArgumentException(UnsafeFieldAccessorImpl.java:167)
	at java.base/jdk.internal.reflect.UnsafeFieldAccessorImpl.throwSetIllegalArgumentException(UnsafeFieldAccessorImpl.java:171)
	at java.base/jdk.internal.reflect.UnsafeIntegerFieldAccessorImpl.set(UnsafeIntegerFieldAccessorImpl.java:80)
	at java.base/java.lang.reflect.Field.set(Field.java:799)
	at org.hibernate.property.access.spi.SetterFieldImpl.set(SetterFieldImpl.java:57)
	... 110 common frames omitted
2025-05-27 12:12:52.216 [scheduling-1] ERROR o.s.s.s.TaskUtils$LoggingErrorHandler - Unexpected error occurred in scheduled task
org.springframework.transaction.UnexpectedRollbackException: Transaction silently rolled back because it has been marked as rollback-only
	at org.springframework.transaction.support.AbstractPlatformTransactionManager.processCommit(AbstractPlatformTransactionManager.java:804)
	at org.springframework.transaction.support.AbstractPlatformTransactionManager.commit(AbstractPlatformTransactionManager.java:758)
	at org.springframework.transaction.interceptor.TransactionAspectSupport.commitTransactionAfterReturning(TransactionAspectSupport.java:698)
	at org.springframework.transaction.interceptor.TransactionAspectSupport.invokeWithinTransaction(TransactionAspectSupport.java:416)
	at org.springframework.transaction.interceptor.TransactionInterceptor.invoke(TransactionInterceptor.java:119)
	at org.springframework.aop.framework.ReflectiveMethodInvocation.proceed(ReflectiveMethodInvocation.java:184)
	at org.springframework.aop.interceptor.ExposeInvocationInterceptor.invoke(ExposeInvocationInterceptor.java:97)
	at org.springframework.aop.framework.ReflectiveMethodInvocation.proceed(ReflectiveMethodInvocation.java:184)
	at org.springframework.aop.framework.CglibAopProxy$DynamicAdvisedInterceptor.intercept(CglibAopProxy.java:727)
	at com.CloudWhite.PersonalBlog.Service.ServiceImpl.noticeServiceImpl$$SpringCGLIB$$0.updateNoticeDb(<generated>)
	at jdk.internal.reflect.GeneratedMethodAccessor154.invoke(Unknown Source)
	at java.base/jdk.internal.reflect.DelegatingMethodAccessorImpl.invoke(DelegatingMethodAccessorImpl.java:43)
	at java.base/java.lang.reflect.Method.invoke(Method.java:568)
	at org.springframework.scheduling.support.ScheduledMethodRunnable.runInternal(ScheduledMethodRunnable.java:130)
	at org.springframework.scheduling.support.ScheduledMethodRunnable.lambda$run$2(ScheduledMethodRunnable.java:124)
	at io.micrometer.observation.Observation.observe(Observation.java:498)
	at org.springframework.scheduling.support.ScheduledMethodRunnable.run(ScheduledMethodRunnable.java:124)
	at org.springframework.scheduling.config.Task$OutcomeTrackingRunnable.run(Task.java:85)
	at org.springframework.scheduling.support.DelegatingErrorHandlingRunnable.run(DelegatingErrorHandlingRunnable.java:54)
	at java.base/java.util.concurrent.Executors$RunnableAdapter.call(Executors.java:539)
	at java.base/java.util.concurrent.FutureTask.runAndReset(FutureTask.java:305)
	at java.base/java.util.concurrent.ScheduledThreadPoolExecutor$ScheduledFutureTask.run(ScheduledThreadPoolExecutor.java:305)
	at java.base/java.util.concurrent.ThreadPoolExecutor.runWorker(ThreadPoolExecutor.java:1136)
	at java.base/java.util.concurrent.ThreadPoolExecutor$Worker.run(ThreadPoolExecutor.java:635)
	at java.base/java.lang.Thread.run(Thread.java:842)
2025-05-27 12:13:08.773 [SpringApplicationShutdownHook] INFO  o.s.b.w.e.tomcat.GracefulShutdown - Commencing graceful shutdown. Waiting for active requests to complete
2025-05-27 12:13:09.695 [tomcat-shutdown] INFO  o.s.b.w.e.tomcat.GracefulShutdown - Graceful shutdown complete
2025-05-27 12:13:09.744 [SpringApplicationShutdownHook] INFO  o.s.o.j.LocalContainerEntityManagerFactoryBean - Closing JPA EntityManagerFactory for persistence unit 'default'
2025-05-27 12:13:09.744 [SpringApplicationShutdownHook] INFO  com.zaxxer.hikari.HikariDataSource - HikariPool-1 - Shutdown initiated...
2025-05-27 12:13:09.757 [SpringApplicationShutdownHook] INFO  com.zaxxer.hikari.HikariDataSource - HikariPool-1 - Shutdown completed.
2025-05-27 16:16:06.718 [main] INFO  c.C.P.PersonalBlogApplication - Starting PersonalBlogApplication using Java 17.0.14 with PID 57328 (D:\GitHub\study\PersonalBlog\target\classes started by 刘文杰 in D:\GitHub\study\PersonalBlog)
2025-05-27 16:16:06.726 [main] INFO  c.C.P.PersonalBlogApplication - No active profile set, falling back to 1 default profile: "default"
2025-05-27 16:16:08.611 [main] INFO  o.s.d.r.c.RepositoryConfigurationDelegate - Multiple Spring Data modules found, entering strict repository configuration mode
2025-05-27 16:16:08.613 [main] INFO  o.s.d.r.c.RepositoryConfigurationDelegate - Bootstrapping Spring Data JPA repositories in DEFAULT mode.
2025-05-27 16:16:09.251 [main] INFO  o.s.d.r.c.RepositoryConfigurationDelegate - Finished Spring Data repository scanning in 618 ms. Found 10 JPA repository interfaces.
2025-05-27 16:16:09.278 [main] INFO  o.s.d.r.c.RepositoryConfigurationDelegate - Multiple Spring Data modules found, entering strict repository configuration mode
2025-05-27 16:16:09.281 [main] INFO  o.s.d.r.c.RepositoryConfigurationDelegate - Bootstrapping Spring Data Redis repositories in DEFAULT mode.
2025-05-27 16:16:09.314 [main] INFO  o.s.d.r.c.RepositoryConfigurationExtensionSupport - Spring Data Redis - Could not safely identify store assignment for repository candidate interface com.CloudWhite.PersonalBlog.Dao.article.articleDao; If you want this repository to be a Redis repository, consider annotating your entities with one of these annotations: org.springframework.data.redis.core.RedisHash (preferred), or consider extending one of the following types with your repository: org.springframework.data.keyvalue.repository.KeyValueRepository
2025-05-27 16:16:09.316 [main] INFO  o.s.d.r.c.RepositoryConfigurationExtensionSupport - Spring Data Redis - Could not safely identify store assignment for repository candidate interface com.CloudWhite.PersonalBlog.Dao.article.articleInfoDao; If you want this repository to be a Redis repository, consider annotating your entities with one of these annotations: org.springframework.data.redis.core.RedisHash (preferred), or consider extending one of the following types with your repository: org.springframework.data.keyvalue.repository.KeyValueRepository
2025-05-27 16:16:09.316 [main] INFO  o.s.d.r.c.RepositoryConfigurationExtensionSupport - Spring Data Redis - Could not safely identify store assignment for repository candidate interface com.CloudWhite.PersonalBlog.Dao.DTO.tokenDao; If you want this repository to be a Redis repository, consider annotating your entities with one of these annotations: org.springframework.data.redis.core.RedisHash (preferred), or consider extending one of the following types with your repository: org.springframework.data.keyvalue.repository.KeyValueRepository
2025-05-27 16:16:09.316 [main] INFO  o.s.d.r.c.RepositoryConfigurationExtensionSupport - Spring Data Redis - Could not safely identify store assignment for repository candidate interface com.CloudWhite.PersonalBlog.Dao.friendListDao; If you want this repository to be a Redis repository, consider annotating your entities with one of these annotations: org.springframework.data.redis.core.RedisHash (preferred), or consider extending one of the following types with your repository: org.springframework.data.keyvalue.repository.KeyValueRepository
2025-05-27 16:16:09.316 [main] INFO  o.s.d.r.c.RepositoryConfigurationExtensionSupport - Spring Data Redis - Could not safely identify store assignment for repository candidate interface com.CloudWhite.PersonalBlog.Dao.messageDao; If you want this repository to be a Redis repository, consider annotating your entities with one of these annotations: org.springframework.data.redis.core.RedisHash (preferred), or consider extending one of the following types with your repository: org.springframework.data.keyvalue.repository.KeyValueRepository
2025-05-27 16:16:09.318 [main] INFO  o.s.d.r.c.RepositoryConfigurationExtensionSupport - Spring Data Redis - Could not safely identify store assignment for repository candidate interface com.CloudWhite.PersonalBlog.Dao.notice.noticeDao; If you want this repository to be a Redis repository, consider annotating your entities with one of these annotations: org.springframework.data.redis.core.RedisHash (preferred), or consider extending one of the following types with your repository: org.springframework.data.keyvalue.repository.KeyValueRepository
2025-05-27 16:16:09.318 [main] INFO  o.s.d.r.c.RepositoryConfigurationExtensionSupport - Spring Data Redis - Could not safely identify store assignment for repository candidate interface com.CloudWhite.PersonalBlog.Dao.notice.noticeInfoDao; If you want this repository to be a Redis repository, consider annotating your entities with one of these annotations: org.springframework.data.redis.core.RedisHash (preferred), or consider extending one of the following types with your repository: org.springframework.data.keyvalue.repository.KeyValueRepository
2025-05-27 16:16:09.319 [main] INFO  o.s.d.r.c.RepositoryConfigurationExtensionSupport - Spring Data Redis - Could not safely identify store assignment for repository candidate interface com.CloudWhite.PersonalBlog.Dao.projectDao; If you want this repository to be a Redis repository, consider annotating your entities with one of these annotations: org.springframework.data.redis.core.RedisHash (preferred), or consider extending one of the following types with your repository: org.springframework.data.keyvalue.repository.KeyValueRepository
2025-05-27 16:16:09.319 [main] INFO  o.s.d.r.c.RepositoryConfigurationExtensionSupport - Spring Data Redis - Could not safely identify store assignment for repository candidate interface com.CloudWhite.PersonalBlog.Dao.starDao; If you want this repository to be a Redis repository, consider annotating your entities with one of these annotations: org.springframework.data.redis.core.RedisHash (preferred), or consider extending one of the following types with your repository: org.springframework.data.keyvalue.repository.KeyValueRepository
2025-05-27 16:16:09.319 [main] INFO  o.s.d.r.c.RepositoryConfigurationExtensionSupport - Spring Data Redis - Could not safely identify store assignment for repository candidate interface com.CloudWhite.PersonalBlog.Dao.userDao; If you want this repository to be a Redis repository, consider annotating your entities with one of these annotations: org.springframework.data.redis.core.RedisHash (preferred), or consider extending one of the following types with your repository: org.springframework.data.keyvalue.repository.KeyValueRepository
2025-05-27 16:16:09.320 [main] INFO  o.s.d.r.c.RepositoryConfigurationDelegate - Finished Spring Data repository scanning in 19 ms. Found 0 Redis repository interfaces.
2025-05-27 16:16:10.504 [main] INFO  o.s.b.w.e.tomcat.TomcatWebServer - Tomcat initialized with port 8081 (http)
2025-05-27 16:16:10.520 [main] INFO  o.a.coyote.http11.Http11NioProtocol - Initializing ProtocolHandler ["http-nio-8081"]
2025-05-27 16:16:10.523 [main] INFO  o.a.catalina.core.StandardService - Starting service [Tomcat]
2025-05-27 16:16:10.524 [main] INFO  o.a.catalina.core.StandardEngine - Starting Servlet engine: [Apache Tomcat/10.1.39]
2025-05-27 16:16:10.671 [main] INFO  o.a.c.c.C.[Tomcat].[localhost].[/] - Initializing Spring embedded WebApplicationContext
2025-05-27 16:16:10.672 [main] INFO  o.s.b.w.s.c.ServletWebServerApplicationContext - Root WebApplicationContext: initialization completed in 3830 ms
2025-05-27 16:16:11.048 [main] INFO  o.h.jpa.internal.util.LogHelper - HHH000204: Processing PersistenceUnitInfo [name: default]
2025-05-27 16:16:11.197 [main] INFO  org.hibernate.Version - HHH000412: Hibernate ORM core version 6.6.11.Final
2025-05-27 16:16:11.282 [main] INFO  o.h.c.i.RegionFactoryInitiator - HHH000026: Second-level cache disabled
2025-05-27 16:16:11.969 [main] INFO  o.s.o.j.p.SpringPersistenceUnitInfo - No LoadTimeWeaver setup: ignoring JPA class transformer
2025-05-27 16:16:12.041 [main] INFO  com.zaxxer.hikari.HikariDataSource - HikariPool-1 - Starting...
2025-05-27 16:16:12.355 [main] INFO  com.zaxxer.hikari.pool.HikariPool - HikariPool-1 - Added connection com.mysql.cj.jdbc.ConnectionImpl@6c2be147
2025-05-27 16:16:12.358 [main] INFO  com.zaxxer.hikari.HikariDataSource - HikariPool-1 - Start completed.
2025-05-27 16:16:12.509 [main] WARN  org.hibernate.orm.deprecation - HHH90000025: MySQL8Dialect does not need to be specified explicitly using 'hibernate.dialect' (remove the property setting and it will be selected by default)
2025-05-27 16:16:12.511 [main] WARN  org.hibernate.orm.deprecation - HHH90000026: MySQL8Dialect has been deprecated; use org.hibernate.dialect.MySQLDialect instead
2025-05-27 16:16:12.552 [main] INFO  o.hibernate.orm.connections.pooling - HHH10001005: Database info:
	Database JDBC URL [Connecting through datasource 'HikariDataSource (HikariPool-1)']
	Database driver: undefined/unknown
	Database version: 8.0
	Autocommit mode: undefined/unknown
	Isolation level: undefined/unknown
	Minimum pool size: undefined/unknown
	Maximum pool size: undefined/unknown
2025-05-27 16:16:14.460 [main] INFO  o.h.e.t.j.p.i.JtaPlatformInitiator - HHH000489: No JTA platform available (set 'hibernate.transaction.jta.platform' to enable JTA platform integration)
2025-05-27 16:16:14.465 [main] INFO  o.s.o.j.LocalContainerEntityManagerFactoryBean - Initialized JPA EntityManagerFactory for persistence unit 'default'
2025-05-27 16:16:15.150 [main] INFO  o.s.d.j.r.query.QueryEnhancerFactory - Hibernate is in classpath; If applicable, HQL parser will be used.
2025-05-27 16:16:19.743 [main] INFO  org.redisson.Version - Redisson 3.23.3
2025-05-27 16:16:19.857 [redisson-netty-5-4] INFO  o.r.c.p.MasterPubSubConnectionPool - 1 connections initialized for 127.0.0.1/127.0.0.1:6379
2025-05-27 16:16:19.940 [redisson-netty-5-19] INFO  o.r.c.pool.MasterConnectionPool - 24 connections initialized for 127.0.0.1/127.0.0.1:6379
2025-05-27 16:16:20.156 [main] DEBUG c.C.P.D.m.getAllRecentMessagesForAllFriends - ==>  Preparing: SELECT LEAST(u1.user_id, u2.user_id) AS user_id, GREATEST(u1.user_id, u2.user_id) AS friend_id, m.message_id, m.sender_name, m.receiver_name, m.message, m.send_time FROM friendlist f JOIN user u1 ON f.user_id = u1.user_id JOIN user u2 ON f.friend_id = u2.user_id JOIN ( SELECT sender_name, receiver_name, message_id, message, send_time FROM ( SELECT *, ROW_NUMBER() OVER ( PARTITION BY CASE WHEN sender_name < receiver_name THEN CONCAT(sender_name, '_', receiver_name) ELSE CONCAT(receiver_name, '_', sender_name) END ORDER BY send_time DESC ) AS rn FROM message ) t WHERE rn <= 10 ) m ON ( (m.sender_name = u1.username AND m.receiver_name = u2.username) OR (m.sender_name = u2.username AND m.receiver_name = u1.username) ) WHERE u1.user_id < u2.user_id ORDER BY user_id, friend_id, send_time DESC;
2025-05-27 16:16:20.166 [main] DEBUG c.C.P.D.m.getAllRecentMessagesForAllFriends - ==> Parameters: 
2025-05-27 16:16:20.193 [main] TRACE c.C.P.D.m.getAllRecentMessagesForAllFriends - <==    Columns: user_id, friend_id, message_id, sender_name, receiver_name, message, send_time
2025-05-27 16:16:20.196 [main] TRACE c.C.P.D.m.getAllRecentMessagesForAllFriends - <==        Row: 1, 2, 1, liuwenjie, fengjiewei, <<BLOB>>, 2025-05-17 14:37:24.703
2025-05-27 16:16:20.199 [main] TRACE c.C.P.D.m.getAllRecentMessagesForAllFriends - <==        Row: 1, 10, 2, liuwenjie, zhangjunwei, <<BLOB>>, 2025-05-17 14:37:53.243
2025-05-27 16:16:20.199 [main] DEBUG c.C.P.D.m.getAllRecentMessagesForAllFriends - <==      Total: 2
2025-05-27 16:16:20.288 [main] WARN  o.s.b.w.s.c.AnnotationConfigServletWebServerApplicationContext - Exception encountered during context initialization - cancelling refresh attempt: org.springframework.beans.factory.UnsatisfiedDependencyException: Error creating bean with name 'noticeController' defined in file [D:\GitHub\study\PersonalBlog\target\classes\com\CloudWhite\PersonalBlog\Controller\noticeController.class]: Unsatisfied dependency expressed through constructor parameter 0: Error creating bean with name 'noticeServiceImpl': Invocation of init method failed
2025-05-27 16:16:20.338 [main] INFO  o.s.o.j.LocalContainerEntityManagerFactoryBean - Closing JPA EntityManagerFactory for persistence unit 'default'
2025-05-27 16:16:20.341 [main] INFO  com.zaxxer.hikari.HikariDataSource - HikariPool-1 - Shutdown initiated...
2025-05-27 16:16:20.348 [main] INFO  com.zaxxer.hikari.HikariDataSource - HikariPool-1 - Shutdown completed.
2025-05-27 16:16:20.350 [main] INFO  o.a.catalina.core.StandardService - Stopping service [Tomcat]
2025-05-27 16:16:20.362 [main] INFO  o.s.b.a.l.ConditionEvaluationReportLogger - 

Error starting ApplicationContext. To display the condition evaluation report re-run your application with 'debug' enabled.
2025-05-27 16:16:20.383 [main] ERROR o.s.boot.SpringApplication - Application run failed
org.springframework.beans.factory.UnsatisfiedDependencyException: Error creating bean with name 'noticeController' defined in file [D:\GitHub\study\PersonalBlog\target\classes\com\CloudWhite\PersonalBlog\Controller\noticeController.class]: Unsatisfied dependency expressed through constructor parameter 0: Error creating bean with name 'noticeServiceImpl': Invocation of init method failed
	at org.springframework.beans.factory.support.ConstructorResolver.createArgumentArray(ConstructorResolver.java:804)
	at org.springframework.beans.factory.support.ConstructorResolver.autowireConstructor(ConstructorResolver.java:240)
	at org.springframework.beans.factory.support.AbstractAutowireCapableBeanFactory.autowireConstructor(AbstractAutowireCapableBeanFactory.java:1381)
	at org.springframework.beans.factory.support.AbstractAutowireCapableBeanFactory.createBeanInstance(AbstractAutowireCapableBeanFactory.java:1218)
	at org.springframework.beans.factory.support.AbstractAutowireCapableBeanFactory.doCreateBean(AbstractAutowireCapableBeanFactory.java:563)
	at org.springframework.beans.factory.support.AbstractAutowireCapableBeanFactory.createBean(AbstractAutowireCapableBeanFactory.java:523)
	at org.springframework.beans.factory.support.AbstractBeanFactory.lambda$doGetBean$0(AbstractBeanFactory.java:339)
	at org.springframework.beans.factory.support.DefaultSingletonBeanRegistry.getSingleton(DefaultSingletonBeanRegistry.java:347)
	at org.springframework.beans.factory.support.AbstractBeanFactory.doGetBean(AbstractBeanFactory.java:337)
	at org.springframework.beans.factory.support.AbstractBeanFactory.getBean(AbstractBeanFactory.java:202)
	at org.springframework.beans.factory.support.DefaultListableBeanFactory.instantiateSingleton(DefaultListableBeanFactory.java:1155)
	at org.springframework.beans.factory.support.DefaultListableBeanFactory.preInstantiateSingleton(DefaultListableBeanFactory.java:1121)
	at org.springframework.beans.factory.support.DefaultListableBeanFactory.preInstantiateSingletons(DefaultListableBeanFactory.java:1056)
	at org.springframework.context.support.AbstractApplicationContext.finishBeanFactoryInitialization(AbstractApplicationContext.java:987)
	at org.springframework.context.support.AbstractApplicationContext.refresh(AbstractApplicationContext.java:627)
	at org.springframework.boot.web.servlet.context.ServletWebServerApplicationContext.refresh(ServletWebServerApplicationContext.java:146)
	at org.springframework.boot.SpringApplication.refresh(SpringApplication.java:752)
	at org.springframework.boot.SpringApplication.refreshContext(SpringApplication.java:439)
	at org.springframework.boot.SpringApplication.run(SpringApplication.java:318)
	at org.springframework.boot.SpringApplication.run(SpringApplication.java:1361)
	at org.springframework.boot.SpringApplication.run(SpringApplication.java:1350)
	at com.CloudWhite.PersonalBlog.PersonalBlogApplication.main(PersonalBlogApplication.java:15)
Caused by: org.springframework.beans.factory.BeanCreationException: Error creating bean with name 'noticeServiceImpl': Invocation of init method failed
	at org.springframework.beans.factory.annotation.InitDestroyAnnotationBeanPostProcessor.postProcessBeforeInitialization(InitDestroyAnnotationBeanPostProcessor.java:222)
	at org.springframework.beans.factory.support.AbstractAutowireCapableBeanFactory.applyBeanPostProcessorsBeforeInitialization(AbstractAutowireCapableBeanFactory.java:423)
	at org.springframework.beans.factory.support.AbstractAutowireCapableBeanFactory.initializeBean(AbstractAutowireCapableBeanFactory.java:1804)
	at org.springframework.beans.factory.support.AbstractAutowireCapableBeanFactory.doCreateBean(AbstractAutowireCapableBeanFactory.java:601)
	at org.springframework.beans.factory.support.AbstractAutowireCapableBeanFactory.createBean(AbstractAutowireCapableBeanFactory.java:523)
	at org.springframework.beans.factory.support.AbstractBeanFactory.lambda$doGetBean$0(AbstractBeanFactory.java:339)
	at org.springframework.beans.factory.support.DefaultSingletonBeanRegistry.getSingleton(DefaultSingletonBeanRegistry.java:347)
	at org.springframework.beans.factory.support.AbstractBeanFactory.doGetBean(AbstractBeanFactory.java:337)
	at org.springframework.beans.factory.support.AbstractBeanFactory.getBean(AbstractBeanFactory.java:202)
	at org.springframework.beans.factory.config.DependencyDescriptor.resolveCandidate(DependencyDescriptor.java:254)
	at org.springframework.beans.factory.support.DefaultListableBeanFactory.doResolveDependency(DefaultListableBeanFactory.java:1667)
	at org.springframework.beans.factory.support.DefaultListableBeanFactory.resolveDependency(DefaultListableBeanFactory.java:1555)
	at org.springframework.beans.factory.support.ConstructorResolver.resolveAutowiredArgument(ConstructorResolver.java:913)
	at org.springframework.beans.factory.support.ConstructorResolver.createArgumentArray(ConstructorResolver.java:791)
	... 21 common frames omitted
Caused by: org.springframework.orm.jpa.JpaSystemException: Null value was assigned to a property [class com.CloudWhite.PersonalBlog.Entity.notice.noticeInfo.noticeId] of primitive type: 'com.CloudWhite.PersonalBlog.Entity.notice.noticeInfo.noticeId' (setter)
	at org.springframework.orm.jpa.vendor.HibernateJpaDialect.convertHibernateAccessException(HibernateJpaDialect.java:341)
	at org.springframework.orm.jpa.vendor.HibernateJpaDialect.translateExceptionIfPossible(HibernateJpaDialect.java:241)
	at org.springframework.orm.jpa.AbstractEntityManagerFactoryBean.translateExceptionIfPossible(AbstractEntityManagerFactoryBean.java:560)
	at org.springframework.dao.support.ChainedPersistenceExceptionTranslator.translateExceptionIfPossible(ChainedPersistenceExceptionTranslator.java:61)
	at org.springframework.dao.support.DataAccessUtils.translateIfNecessary(DataAccessUtils.java:343)
	at org.springframework.dao.support.PersistenceExceptionTranslationInterceptor.invoke(PersistenceExceptionTranslationInterceptor.java:160)
	at org.springframework.aop.framework.ReflectiveMethodInvocation.proceed(ReflectiveMethodInvocation.java:184)
	at org.springframework.data.jpa.repository.support.CrudMethodMetadataPostProcessor$CrudMethodMetadataPopulatingMethodInterceptor.invoke(CrudMethodMetadataPostProcessor.java:165)
	at org.springframework.aop.framework.ReflectiveMethodInvocation.proceed(ReflectiveMethodInvocation.java:184)
	at org.springframework.aop.framework.JdkDynamicAopProxy.invoke(JdkDynamicAopProxy.java:223)
	at jdk.proxy2/jdk.proxy2.$Proxy199.findAll(Unknown Source)
	at com.CloudWhite.PersonalBlog.Service.ServiceImpl.noticeServiceImpl.initNotice(noticeServiceImpl.java:67)
	at java.base/jdk.internal.reflect.NativeMethodAccessorImpl.invoke0(Native Method)
	at java.base/jdk.internal.reflect.NativeMethodAccessorImpl.invoke(NativeMethodAccessorImpl.java:77)
	at java.base/jdk.internal.reflect.DelegatingMethodAccessorImpl.invoke(DelegatingMethodAccessorImpl.java:43)
	at java.base/java.lang.reflect.Method.invoke(Method.java:568)
	at org.springframework.beans.factory.annotation.InitDestroyAnnotationBeanPostProcessor$LifecycleMethod.invoke(InitDestroyAnnotationBeanPostProcessor.java:457)
	at org.springframework.beans.factory.annotation.InitDestroyAnnotationBeanPostProcessor$LifecycleMetadata.invokeInitMethods(InitDestroyAnnotationBeanPostProcessor.java:401)
	at org.springframework.beans.factory.annotation.InitDestroyAnnotationBeanPostProcessor.postProcessBeforeInitialization(InitDestroyAnnotationBeanPostProcessor.java:219)
	... 34 common frames omitted
Caused by: org.hibernate.PropertyAccessException: Null value was assigned to a property [class com.CloudWhite.PersonalBlog.Entity.notice.noticeInfo.noticeId] of primitive type: 'com.CloudWhite.PersonalBlog.Entity.notice.noticeInfo.noticeId' (setter)
	at org.hibernate.property.access.spi.SetterFieldImpl.set(SetterFieldImpl.java:63)
	at org.hibernate.persister.entity.AbstractEntityPersister.setPropertyValues(AbstractEntityPersister.java:4635)
	at org.hibernate.sql.results.graph.entity.internal.EntityInitializerImpl.initializeEntityInstance(EntityInitializerImpl.java:1349)
	at org.hibernate.sql.results.graph.entity.internal.EntityInitializerImpl.initializeInstance(EntityInitializerImpl.java:1312)
	at org.hibernate.sql.results.graph.entity.internal.EntityInitializerImpl.initializeInstance(EntityInitializerImpl.java:97)
	at org.hibernate.sql.results.internal.StandardRowReader.coordinateInitializers(StandardRowReader.java:244)
	at org.hibernate.sql.results.internal.StandardRowReader.readRow(StandardRowReader.java:141)
	at org.hibernate.sql.results.spi.ListResultsConsumer.read(ListResultsConsumer.java:249)
	at org.hibernate.sql.results.spi.ListResultsConsumer.consume(ListResultsConsumer.java:201)
	at org.hibernate.sql.results.spi.ListResultsConsumer.consume(ListResultsConsumer.java:35)
	at org.hibernate.sql.exec.internal.JdbcSelectExecutorStandardImpl.doExecuteQuery(JdbcSelectExecutorStandardImpl.java:224)
	at org.hibernate.sql.exec.internal.JdbcSelectExecutorStandardImpl.executeQuery(JdbcSelectExecutorStandardImpl.java:102)
	at org.hibernate.sql.exec.spi.JdbcSelectExecutor.executeQuery(JdbcSelectExecutor.java:91)
	at org.hibernate.sql.exec.spi.JdbcSelectExecutor.list(JdbcSelectExecutor.java:165)
	at org.hibernate.query.sqm.internal.ConcreteSqmSelectQueryPlan.lambda$new$1(ConcreteSqmSelectQueryPlan.java:152)
	at org.hibernate.query.sqm.internal.ConcreteSqmSelectQueryPlan.withCacheableSqmInterpretation(ConcreteSqmSelectQueryPlan.java:442)
	at org.hibernate.query.sqm.internal.ConcreteSqmSelectQueryPlan.performList(ConcreteSqmSelectQueryPlan.java:362)
	at org.hibernate.query.sqm.internal.QuerySqmImpl.doList(QuerySqmImpl.java:380)
	at org.hibernate.query.spi.AbstractSelectionQuery.list(AbstractSelectionQuery.java:143)
	at org.hibernate.query.Query.getResultList(Query.java:120)
	at org.springframework.data.jpa.repository.support.SimpleJpaRepository.findAll(SimpleJpaRepository.java:395)
	at java.base/jdk.internal.reflect.NativeMethodAccessorImpl.invoke0(Native Method)
	at java.base/jdk.internal.reflect.NativeMethodAccessorImpl.invoke(NativeMethodAccessorImpl.java:77)
	at java.base/jdk.internal.reflect.DelegatingMethodAccessorImpl.invoke(DelegatingMethodAccessorImpl.java:43)
	at java.base/java.lang.reflect.Method.invoke(Method.java:568)
	at org.springframework.aop.support.AopUtils.invokeJoinpointUsingReflection(AopUtils.java:359)
	at org.springframework.data.repository.core.support.RepositoryMethodInvoker$RepositoryFragmentMethodInvoker.lambda$new$0(RepositoryMethodInvoker.java:277)
	at org.springframework.data.repository.core.support.RepositoryMethodInvoker.doInvoke(RepositoryMethodInvoker.java:170)
	at org.springframework.data.repository.core.support.RepositoryMethodInvoker.invoke(RepositoryMethodInvoker.java:158)
	at org.springframework.data.repository.core.support.RepositoryComposition$RepositoryFragments.invoke(RepositoryComposition.java:515)
	at org.springframework.data.repository.core.support.RepositoryComposition.invoke(RepositoryComposition.java:284)
	at org.springframework.data.repository.core.support.RepositoryFactorySupport$ImplementationMethodExecutionInterceptor.invoke(RepositoryFactorySupport.java:731)
	at org.springframework.aop.framework.ReflectiveMethodInvocation.proceed(ReflectiveMethodInvocation.java:184)
	at org.springframework.data.repository.core.support.QueryExecutorMethodInterceptor.doInvoke(QueryExecutorMethodInterceptor.java:174)
	at org.springframework.data.repository.core.support.QueryExecutorMethodInterceptor.invoke(QueryExecutorMethodInterceptor.java:149)
	at org.springframework.aop.framework.ReflectiveMethodInvocation.proceed(ReflectiveMethodInvocation.java:184)
	at org.springframework.data.projection.DefaultMethodInvokingMethodInterceptor.invoke(DefaultMethodInvokingMethodInterceptor.java:69)
	at org.springframework.aop.framework.ReflectiveMethodInvocation.proceed(ReflectiveMethodInvocation.java:184)
	at org.springframework.transaction.interceptor.TransactionAspectSupport.invokeWithinTransaction(TransactionAspectSupport.java:380)
	at org.springframework.transaction.interceptor.TransactionInterceptor.invoke(TransactionInterceptor.java:119)
	at org.springframework.aop.framework.ReflectiveMethodInvocation.proceed(ReflectiveMethodInvocation.java:184)
	at org.springframework.dao.support.PersistenceExceptionTranslationInterceptor.invoke(PersistenceExceptionTranslationInterceptor.java:138)
	... 47 common frames omitted
Caused by: java.lang.IllegalArgumentException: Can not set int field com.CloudWhite.PersonalBlog.Entity.notice.noticeInfo.noticeId to null value
	at java.base/jdk.internal.reflect.UnsafeFieldAccessorImpl.throwSetIllegalArgumentException(UnsafeFieldAccessorImpl.java:167)
	at java.base/jdk.internal.reflect.UnsafeFieldAccessorImpl.throwSetIllegalArgumentException(UnsafeFieldAccessorImpl.java:171)
	at java.base/jdk.internal.reflect.UnsafeIntegerFieldAccessorImpl.set(UnsafeIntegerFieldAccessorImpl.java:80)
	at java.base/java.lang.reflect.Field.set(Field.java:799)
	at org.hibernate.property.access.spi.SetterFieldImpl.set(SetterFieldImpl.java:57)
	... 88 common frames omitted
2025-05-27 16:18:54.093 [main] INFO  c.C.P.PersonalBlogApplication - Starting PersonalBlogApplication using Java 17.0.14 with PID 15096 (D:\GitHub\study\PersonalBlog\target\classes started by 刘文杰 in D:\GitHub\study\PersonalBlog)
2025-05-27 16:18:54.099 [main] INFO  c.C.P.PersonalBlogApplication - No active profile set, falling back to 1 default profile: "default"
2025-05-27 16:18:55.671 [main] INFO  o.s.d.r.c.RepositoryConfigurationDelegate - Multiple Spring Data modules found, entering strict repository configuration mode
2025-05-27 16:18:55.674 [main] INFO  o.s.d.r.c.RepositoryConfigurationDelegate - Bootstrapping Spring Data JPA repositories in DEFAULT mode.
2025-05-27 16:18:55.965 [main] INFO  o.s.d.r.c.RepositoryConfigurationDelegate - Finished Spring Data repository scanning in 278 ms. Found 10 JPA repository interfaces.
2025-05-27 16:18:55.983 [main] INFO  o.s.d.r.c.RepositoryConfigurationDelegate - Multiple Spring Data modules found, entering strict repository configuration mode
2025-05-27 16:18:55.987 [main] INFO  o.s.d.r.c.RepositoryConfigurationDelegate - Bootstrapping Spring Data Redis repositories in DEFAULT mode.
2025-05-27 16:18:56.010 [main] INFO  o.s.d.r.c.RepositoryConfigurationExtensionSupport - Spring Data Redis - Could not safely identify store assignment for repository candidate interface com.CloudWhite.PersonalBlog.Dao.article.articleDao; If you want this repository to be a Redis repository, consider annotating your entities with one of these annotations: org.springframework.data.redis.core.RedisHash (preferred), or consider extending one of the following types with your repository: org.springframework.data.keyvalue.repository.KeyValueRepository
2025-05-27 16:18:56.011 [main] INFO  o.s.d.r.c.RepositoryConfigurationExtensionSupport - Spring Data Redis - Could not safely identify store assignment for repository candidate interface com.CloudWhite.PersonalBlog.Dao.article.articleInfoDao; If you want this repository to be a Redis repository, consider annotating your entities with one of these annotations: org.springframework.data.redis.core.RedisHash (preferred), or consider extending one of the following types with your repository: org.springframework.data.keyvalue.repository.KeyValueRepository
2025-05-27 16:18:56.011 [main] INFO  o.s.d.r.c.RepositoryConfigurationExtensionSupport - Spring Data Redis - Could not safely identify store assignment for repository candidate interface com.CloudWhite.PersonalBlog.Dao.DTO.tokenDao; If you want this repository to be a Redis repository, consider annotating your entities with one of these annotations: org.springframework.data.redis.core.RedisHash (preferred), or consider extending one of the following types with your repository: org.springframework.data.keyvalue.repository.KeyValueRepository
2025-05-27 16:18:56.011 [main] INFO  o.s.d.r.c.RepositoryConfigurationExtensionSupport - Spring Data Redis - Could not safely identify store assignment for repository candidate interface com.CloudWhite.PersonalBlog.Dao.friendListDao; If you want this repository to be a Redis repository, consider annotating your entities with one of these annotations: org.springframework.data.redis.core.RedisHash (preferred), or consider extending one of the following types with your repository: org.springframework.data.keyvalue.repository.KeyValueRepository
2025-05-27 16:18:56.011 [main] INFO  o.s.d.r.c.RepositoryConfigurationExtensionSupport - Spring Data Redis - Could not safely identify store assignment for repository candidate interface com.CloudWhite.PersonalBlog.Dao.messageDao; If you want this repository to be a Redis repository, consider annotating your entities with one of these annotations: org.springframework.data.redis.core.RedisHash (preferred), or consider extending one of the following types with your repository: org.springframework.data.keyvalue.repository.KeyValueRepository
2025-05-27 16:18:56.012 [main] INFO  o.s.d.r.c.RepositoryConfigurationExtensionSupport - Spring Data Redis - Could not safely identify store assignment for repository candidate interface com.CloudWhite.PersonalBlog.Dao.notice.noticeDao; If you want this repository to be a Redis repository, consider annotating your entities with one of these annotations: org.springframework.data.redis.core.RedisHash (preferred), or consider extending one of the following types with your repository: org.springframework.data.keyvalue.repository.KeyValueRepository
2025-05-27 16:18:56.013 [main] INFO  o.s.d.r.c.RepositoryConfigurationExtensionSupport - Spring Data Redis - Could not safely identify store assignment for repository candidate interface com.CloudWhite.PersonalBlog.Dao.notice.noticeInfoDao; If you want this repository to be a Redis repository, consider annotating your entities with one of these annotations: org.springframework.data.redis.core.RedisHash (preferred), or consider extending one of the following types with your repository: org.springframework.data.keyvalue.repository.KeyValueRepository
2025-05-27 16:18:56.013 [main] INFO  o.s.d.r.c.RepositoryConfigurationExtensionSupport - Spring Data Redis - Could not safely identify store assignment for repository candidate interface com.CloudWhite.PersonalBlog.Dao.projectDao; If you want this repository to be a Redis repository, consider annotating your entities with one of these annotations: org.springframework.data.redis.core.RedisHash (preferred), or consider extending one of the following types with your repository: org.springframework.data.keyvalue.repository.KeyValueRepository
2025-05-27 16:18:56.014 [main] INFO  o.s.d.r.c.RepositoryConfigurationExtensionSupport - Spring Data Redis - Could not safely identify store assignment for repository candidate interface com.CloudWhite.PersonalBlog.Dao.starDao; If you want this repository to be a Redis repository, consider annotating your entities with one of these annotations: org.springframework.data.redis.core.RedisHash (preferred), or consider extending one of the following types with your repository: org.springframework.data.keyvalue.repository.KeyValueRepository
2025-05-27 16:18:56.014 [main] INFO  o.s.d.r.c.RepositoryConfigurationExtensionSupport - Spring Data Redis - Could not safely identify store assignment for repository candidate interface com.CloudWhite.PersonalBlog.Dao.userDao; If you want this repository to be a Redis repository, consider annotating your entities with one of these annotations: org.springframework.data.redis.core.RedisHash (preferred), or consider extending one of the following types with your repository: org.springframework.data.keyvalue.repository.KeyValueRepository
2025-05-27 16:18:56.014 [main] INFO  o.s.d.r.c.RepositoryConfigurationDelegate - Finished Spring Data repository scanning in 16 ms. Found 0 Redis repository interfaces.
2025-05-27 16:18:56.895 [main] INFO  o.s.b.w.e.tomcat.TomcatWebServer - Tomcat initialized with port 8081 (http)
2025-05-27 16:18:56.907 [main] INFO  o.a.coyote.http11.Http11NioProtocol - Initializing ProtocolHandler ["http-nio-8081"]
2025-05-27 16:18:56.909 [main] INFO  o.a.catalina.core.StandardService - Starting service [Tomcat]
2025-05-27 16:18:56.910 [main] INFO  o.a.catalina.core.StandardEngine - Starting Servlet engine: [Apache Tomcat/10.1.39]
2025-05-27 16:18:57.005 [main] INFO  o.a.c.c.C.[Tomcat].[localhost].[/] - Initializing Spring embedded WebApplicationContext
2025-05-27 16:18:57.005 [main] INFO  o.s.b.w.s.c.ServletWebServerApplicationContext - Root WebApplicationContext: initialization completed in 2800 ms
2025-05-27 16:18:57.223 [main] INFO  o.h.jpa.internal.util.LogHelper - HHH000204: Processing PersistenceUnitInfo [name: default]
2025-05-27 16:18:57.272 [main] INFO  org.hibernate.Version - HHH000412: Hibernate ORM core version 6.6.11.Final
2025-05-27 16:18:57.306 [main] INFO  o.h.c.i.RegionFactoryInitiator - HHH000026: Second-level cache disabled
2025-05-27 16:18:57.580 [main] INFO  o.s.o.j.p.SpringPersistenceUnitInfo - No LoadTimeWeaver setup: ignoring JPA class transformer
2025-05-27 16:18:57.607 [main] INFO  com.zaxxer.hikari.HikariDataSource - HikariPool-1 - Starting...
2025-05-27 16:18:57.754 [main] INFO  com.zaxxer.hikari.pool.HikariPool - HikariPool-1 - Added connection com.mysql.cj.jdbc.ConnectionImpl@e1c91cd
2025-05-27 16:18:57.756 [main] INFO  com.zaxxer.hikari.HikariDataSource - HikariPool-1 - Start completed.
2025-05-27 16:18:57.819 [main] WARN  org.hibernate.orm.deprecation - HHH90000025: MySQL8Dialect does not need to be specified explicitly using 'hibernate.dialect' (remove the property setting and it will be selected by default)
2025-05-27 16:18:57.820 [main] WARN  org.hibernate.orm.deprecation - HHH90000026: MySQL8Dialect has been deprecated; use org.hibernate.dialect.MySQLDialect instead
2025-05-27 16:18:57.838 [main] INFO  o.hibernate.orm.connections.pooling - HHH10001005: Database info:
	Database JDBC URL [Connecting through datasource 'HikariDataSource (HikariPool-1)']
	Database driver: undefined/unknown
	Database version: 8.0
	Autocommit mode: undefined/unknown
	Isolation level: undefined/unknown
	Minimum pool size: undefined/unknown
	Maximum pool size: undefined/unknown
2025-05-27 16:18:58.951 [main] INFO  o.h.e.t.j.p.i.JtaPlatformInitiator - HHH000489: No JTA platform available (set 'hibernate.transaction.jta.platform' to enable JTA platform integration)
2025-05-27 16:18:58.955 [main] INFO  o.s.o.j.LocalContainerEntityManagerFactoryBean - Initialized JPA EntityManagerFactory for persistence unit 'default'
2025-05-27 16:18:59.299 [main] INFO  o.s.d.j.r.query.QueryEnhancerFactory - Hibernate is in classpath; If applicable, HQL parser will be used.
2025-05-27 16:19:01.071 [main] INFO  org.redisson.Version - Redisson 3.23.3
2025-05-27 16:19:01.183 [redisson-netty-5-4] INFO  o.r.c.p.MasterPubSubConnectionPool - 1 connections initialized for 127.0.0.1/127.0.0.1:6379
2025-05-27 16:19:01.282 [redisson-netty-5-19] INFO  o.r.c.pool.MasterConnectionPool - 24 connections initialized for 127.0.0.1/127.0.0.1:6379
2025-05-27 16:19:01.532 [main] DEBUG c.C.P.D.m.getAllRecentMessagesForAllFriends - ==>  Preparing: SELECT LEAST(u1.user_id, u2.user_id) AS user_id, GREATEST(u1.user_id, u2.user_id) AS friend_id, m.message_id, m.sender_name, m.receiver_name, m.message, m.send_time FROM friendlist f JOIN user u1 ON f.user_id = u1.user_id JOIN user u2 ON f.friend_id = u2.user_id JOIN ( SELECT sender_name, receiver_name, message_id, message, send_time FROM ( SELECT *, ROW_NUMBER() OVER ( PARTITION BY CASE WHEN sender_name < receiver_name THEN CONCAT(sender_name, '_', receiver_name) ELSE CONCAT(receiver_name, '_', sender_name) END ORDER BY send_time DESC ) AS rn FROM message ) t WHERE rn <= 10 ) m ON ( (m.sender_name = u1.username AND m.receiver_name = u2.username) OR (m.sender_name = u2.username AND m.receiver_name = u1.username) ) WHERE u1.user_id < u2.user_id ORDER BY user_id, friend_id, send_time DESC;
2025-05-27 16:19:01.542 [main] DEBUG c.C.P.D.m.getAllRecentMessagesForAllFriends - ==> Parameters: 
2025-05-27 16:19:01.559 [main] TRACE c.C.P.D.m.getAllRecentMessagesForAllFriends - <==    Columns: user_id, friend_id, message_id, sender_name, receiver_name, message, send_time
2025-05-27 16:19:01.563 [main] TRACE c.C.P.D.m.getAllRecentMessagesForAllFriends - <==        Row: 1, 2, 1, liuwenjie, fengjiewei, <<BLOB>>, 2025-05-17 14:37:24.703
2025-05-27 16:19:01.566 [main] TRACE c.C.P.D.m.getAllRecentMessagesForAllFriends - <==        Row: 1, 10, 2, liuwenjie, zhangjunwei, <<BLOB>>, 2025-05-17 14:37:53.243
2025-05-27 16:19:01.567 [main] DEBUG c.C.P.D.m.getAllRecentMessagesForAllFriends - <==      Total: 2
2025-05-27 16:19:01.985 [main] INFO  o.s.v.b.OptionalValidatorFactoryBean - Failed to set up a Bean Validation provider: jakarta.validation.NoProviderFoundException: Unable to create a Configuration, because no Jakarta Bean Validation provider could be found. Add a provider like Hibernate Validator (RI) to your classpath.
2025-05-27 16:19:02.078 [main] WARN  o.s.b.a.t.ThymeleafAutoConfiguration$DefaultTemplateResolverConfiguration - Cannot find template location: classpath:/templates/ (please add some templates, check your Thymeleaf configuration, or set spring.thymeleaf.check-template-location=false)
2025-05-27 16:19:02.216 [main] WARN  o.s.b.a.s.s.UserDetailsServiceAutoConfiguration - 

Using generated security password: 329d65ab-340d-4734-b1b5-0cbafceefba3

This generated password is for development use only. Your security configuration must be updated before running your application in production.

2025-05-27 16:19:02.248 [main] INFO  o.s.s.c.a.a.c.InitializeUserDetailsBeanManagerConfigurer$InitializeUserDetailsManagerConfigurer - Global AuthenticationManager configured with UserDetailsService bean with name inMemoryUserDetailsManager
2025-05-27 16:19:02.743 [main] WARN  o.s.b.a.o.j.JpaBaseConfiguration$JpaWebConfiguration - spring.jpa.open-in-view is enabled by default. Therefore, database queries may be performed during view rendering. Explicitly configure spring.jpa.open-in-view to disable this warning
2025-05-27 16:19:03.190 [main] INFO  o.a.coyote.http11.Http11NioProtocol - Starting ProtocolHandler ["http-nio-8081"]
2025-05-27 16:19:03.201 [main] INFO  o.s.b.w.e.tomcat.TomcatWebServer - Tomcat started on port 8081 (http) with context path '/'
2025-05-27 16:19:03.218 [main] INFO  c.C.P.PersonalBlogApplication - Started PersonalBlogApplication in 10.063 seconds (process running for 11.748)
2025-05-27 16:19:03.313 [scheduling-1] DEBUG c.C.P.Dao.mybatisDao.saveArticleInfo - ==>  Preparing: INSERT INTO articleinfo (user_id, is_like, is_star,article_id) VALUES (?, ?,? ,?)
2025-05-27 16:19:03.314 [scheduling-1] DEBUG c.C.P.Dao.mybatisDao.saveArticleInfo - ==> Parameters: 2(Integer), true(Boolean), false(Boolean), 3(Integer)
2025-05-27 16:19:03.323 [scheduling-1] DEBUG c.C.P.Dao.mybatisDao.saveArticleInfo - <==    Updates: 1
2025-05-27 16:19:03.327 [scheduling-1] DEBUG c.C.P.Dao.mybatisDao.saveArticleInfo - ==>  Preparing: INSERT INTO articleinfo (user_id, is_like, is_star,article_id) VALUES (?, ?,? ,?)
2025-05-27 16:19:03.328 [scheduling-1] DEBUG c.C.P.Dao.mybatisDao.saveArticleInfo - ==> Parameters: 1(Integer), false(Boolean), false(Boolean), 1(Integer)
2025-05-27 16:19:03.329 [scheduling-1] DEBUG c.C.P.Dao.mybatisDao.saveArticleInfo - <==    Updates: 1
2025-05-27 16:19:03.332 [scheduling-1] DEBUG c.C.P.Dao.mybatisDao.saveArticleInfo - ==>  Preparing: INSERT INTO articleinfo (user_id, is_like, is_star,article_id) VALUES (?, ?,? ,?)
2025-05-27 16:19:03.332 [scheduling-1] DEBUG c.C.P.Dao.mybatisDao.saveArticleInfo - ==> Parameters: 1(Integer), false(Boolean), false(Boolean), 4(Integer)
2025-05-27 16:19:03.333 [scheduling-1] DEBUG c.C.P.Dao.mybatisDao.saveArticleInfo - <==    Updates: 1
2025-05-27 16:19:03.336 [scheduling-1] DEBUG c.C.P.Dao.mybatisDao.saveArticleInfo - ==>  Preparing: INSERT INTO articleinfo (user_id, is_like, is_star,article_id) VALUES (?, ?,? ,?)
2025-05-27 16:19:03.337 [scheduling-1] DEBUG c.C.P.Dao.mybatisDao.saveArticleInfo - ==> Parameters: 1(Integer), false(Boolean), false(Boolean), 6(Integer)
2025-05-27 16:19:03.339 [scheduling-1] DEBUG c.C.P.Dao.mybatisDao.saveArticleInfo - <==    Updates: 1
2025-05-27 16:19:03.341 [scheduling-1] DEBUG c.C.P.Dao.mybatisDao.saveArticleInfo - ==>  Preparing: INSERT INTO articleinfo (user_id, is_like, is_star,article_id) VALUES (?, ?,? ,?)
2025-05-27 16:19:03.342 [scheduling-1] DEBUG c.C.P.Dao.mybatisDao.saveArticleInfo - ==> Parameters: 8(Integer), false(Boolean), false(Boolean), 1(Integer)
2025-05-27 16:19:03.343 [scheduling-1] DEBUG c.C.P.Dao.mybatisDao.saveArticleInfo - <==    Updates: 1
2025-05-27 16:19:03.346 [scheduling-1] DEBUG c.C.P.Dao.mybatisDao.saveArticleInfo - ==>  Preparing: INSERT INTO articleinfo (user_id, is_like, is_star,article_id) VALUES (?, ?,? ,?)
2025-05-27 16:19:03.346 [scheduling-1] DEBUG c.C.P.Dao.mybatisDao.saveArticleInfo - ==> Parameters: 14(Integer), true(Boolean), false(Boolean), 1(Integer)
2025-05-27 16:19:03.347 [scheduling-1] DEBUG c.C.P.Dao.mybatisDao.saveArticleInfo - <==    Updates: 1
2025-05-27 16:19:03.349 [scheduling-1] DEBUG c.C.P.Dao.mybatisDao.saveArticleInfo - ==>  Preparing: INSERT INTO articleinfo (user_id, is_like, is_star,article_id) VALUES (?, ?,? ,?)
2025-05-27 16:19:03.350 [scheduling-1] DEBUG c.C.P.Dao.mybatisDao.saveArticleInfo - ==> Parameters: 8(Integer), false(Boolean), false(Boolean), 2(Integer)
2025-05-27 16:19:03.350 [scheduling-1] DEBUG c.C.P.Dao.mybatisDao.saveArticleInfo - <==    Updates: 1
2025-05-27 16:19:03.353 [scheduling-1] DEBUG c.C.P.Dao.mybatisDao.saveArticleInfo - ==>  Preparing: INSERT INTO articleinfo (user_id, is_like, is_star,article_id) VALUES (?, ?,? ,?)
2025-05-27 16:19:03.354 [scheduling-1] DEBUG c.C.P.Dao.mybatisDao.saveArticleInfo - ==> Parameters: 12(Integer), false(Boolean), false(Boolean), 7(Integer)
2025-05-27 16:19:03.355 [scheduling-1] DEBUG c.C.P.Dao.mybatisDao.saveArticleInfo - <==    Updates: 1
2025-05-27 16:19:03.357 [scheduling-1] DEBUG c.C.P.Dao.mybatisDao.saveArticleInfo - ==>  Preparing: INSERT INTO articleinfo (user_id, is_like, is_star,article_id) VALUES (?, ?,? ,?)
2025-05-27 16:19:03.357 [scheduling-1] DEBUG c.C.P.Dao.mybatisDao.saveArticleInfo - ==> Parameters: 2(Integer), true(Boolean), false(Boolean), 6(Integer)
2025-05-27 16:19:03.358 [scheduling-1] DEBUG c.C.P.Dao.mybatisDao.saveArticleInfo - <==    Updates: 1
2025-05-27 16:19:03.360 [scheduling-1] DEBUG c.C.P.Dao.mybatisDao.saveArticleInfo - ==>  Preparing: INSERT INTO articleinfo (user_id, is_like, is_star,article_id) VALUES (?, ?,? ,?)
2025-05-27 16:19:03.361 [scheduling-1] DEBUG c.C.P.Dao.mybatisDao.saveArticleInfo - ==> Parameters: 1(Integer), false(Boolean), false(Boolean), 3(Integer)
2025-05-27 16:19:03.362 [scheduling-1] DEBUG c.C.P.Dao.mybatisDao.saveArticleInfo - <==    Updates: 1
2025-05-27 16:19:03.365 [scheduling-1] DEBUG c.C.P.Dao.mybatisDao.saveArticleInfo - ==>  Preparing: INSERT INTO articleinfo (user_id, is_like, is_star,article_id) VALUES (?, ?,? ,?)
2025-05-27 16:19:03.366 [scheduling-1] DEBUG c.C.P.Dao.mybatisDao.saveArticleInfo - ==> Parameters: 1(Integer), false(Boolean), false(Boolean), 7(Integer)
2025-05-27 16:19:03.367 [scheduling-1] DEBUG c.C.P.Dao.mybatisDao.saveArticleInfo - <==    Updates: 1
2025-05-27 16:19:03.370 [scheduling-1] DEBUG c.C.P.Dao.mybatisDao.saveArticleInfo - ==>  Preparing: INSERT INTO articleinfo (user_id, is_like, is_star,article_id) VALUES (?, ?,? ,?)
2025-05-27 16:19:03.370 [scheduling-1] DEBUG c.C.P.Dao.mybatisDao.saveArticleInfo - ==> Parameters: 2(Integer), true(Boolean), false(Boolean), 7(Integer)
2025-05-27 16:19:03.371 [scheduling-1] DEBUG c.C.P.Dao.mybatisDao.saveArticleInfo - <==    Updates: 1
2025-05-27 16:19:03.372 [scheduling-1] DEBUG c.C.P.Dao.mybatisDao.saveArticleInfo - ==>  Preparing: INSERT INTO articleinfo (user_id, is_like, is_star,article_id) VALUES (?, ?,? ,?)
2025-05-27 16:19:03.373 [scheduling-1] DEBUG c.C.P.Dao.mybatisDao.saveArticleInfo - ==> Parameters: 2(Integer), true(Boolean), false(Boolean), 5(Integer)
2025-05-27 16:19:03.373 [scheduling-1] DEBUG c.C.P.Dao.mybatisDao.saveArticleInfo - <==    Updates: 1
2025-05-27 16:19:03.375 [scheduling-1] DEBUG c.C.P.Dao.mybatisDao.saveArticleInfo - ==>  Preparing: INSERT INTO articleinfo (user_id, is_like, is_star,article_id) VALUES (?, ?,? ,?)
2025-05-27 16:19:03.375 [scheduling-1] DEBUG c.C.P.Dao.mybatisDao.saveArticleInfo - ==> Parameters: 12(Integer), false(Boolean), false(Boolean), 5(Integer)
2025-05-27 16:19:03.376 [scheduling-1] DEBUG c.C.P.Dao.mybatisDao.saveArticleInfo - <==    Updates: 1
2025-05-27 16:19:03.379 [scheduling-1] DEBUG c.C.P.Dao.mybatisDao.saveArticleInfo - ==>  Preparing: INSERT INTO articleinfo (user_id, is_like, is_star,article_id) VALUES (?, ?,? ,?)
2025-05-27 16:19:03.379 [scheduling-1] DEBUG c.C.P.Dao.mybatisDao.saveArticleInfo - ==> Parameters: 12(Integer), false(Boolean), false(Boolean), 6(Integer)
2025-05-27 16:19:03.380 [scheduling-1] DEBUG c.C.P.Dao.mybatisDao.saveArticleInfo - <==    Updates: 1
2025-05-27 16:19:03.382 [scheduling-1] DEBUG c.C.P.Dao.mybatisDao.saveArticleInfo - ==>  Preparing: INSERT INTO articleinfo (user_id, is_like, is_star,article_id) VALUES (?, ?,? ,?)
2025-05-27 16:19:03.383 [scheduling-1] DEBUG c.C.P.Dao.mybatisDao.saveArticleInfo - ==> Parameters: 12(Integer), false(Boolean), false(Boolean), 3(Integer)
2025-05-27 16:19:03.384 [scheduling-1] DEBUG c.C.P.Dao.mybatisDao.saveArticleInfo - <==    Updates: 1
2025-05-27 16:19:03.387 [scheduling-1] DEBUG c.C.P.Dao.mybatisDao.saveArticleInfo - ==>  Preparing: INSERT INTO articleinfo (user_id, is_like, is_star,article_id) VALUES (?, ?,? ,?)
2025-05-27 16:19:03.387 [scheduling-1] DEBUG c.C.P.Dao.mybatisDao.saveArticleInfo - ==> Parameters: 12(Integer), true(Boolean), false(Boolean), 1(Integer)
2025-05-27 16:19:03.388 [scheduling-1] DEBUG c.C.P.Dao.mybatisDao.saveArticleInfo - <==    Updates: 1
2025-05-27 16:19:03.390 [scheduling-1] DEBUG c.C.P.Dao.mybatisDao.saveArticleInfo - ==>  Preparing: INSERT INTO articleinfo (user_id, is_like, is_star,article_id) VALUES (?, ?,? ,?)
2025-05-27 16:19:03.390 [scheduling-1] DEBUG c.C.P.Dao.mybatisDao.saveArticleInfo - ==> Parameters: 1(Integer), false(Boolean), false(Boolean), 2(Integer)
2025-05-27 16:19:03.391 [scheduling-1] DEBUG c.C.P.Dao.mybatisDao.saveArticleInfo - <==    Updates: 1
2025-05-27 16:19:03.393 [scheduling-1] DEBUG c.C.P.Dao.mybatisDao.saveArticleInfo - ==>  Preparing: INSERT INTO articleinfo (user_id, is_like, is_star,article_id) VALUES (?, ?,? ,?)
2025-05-27 16:19:03.393 [scheduling-1] DEBUG c.C.P.Dao.mybatisDao.saveArticleInfo - ==> Parameters: 2(Integer), false(Boolean), false(Boolean), 1(Integer)
2025-05-27 16:19:03.394 [scheduling-1] DEBUG c.C.P.Dao.mybatisDao.saveArticleInfo - <==    Updates: 1
2025-05-27 16:19:03.397 [scheduling-1] DEBUG c.C.P.Dao.mybatisDao.saveArticleInfo - ==>  Preparing: INSERT INTO articleinfo (user_id, is_like, is_star,article_id) VALUES (?, ?,? ,?)
2025-05-27 16:19:03.397 [scheduling-1] DEBUG c.C.P.Dao.mybatisDao.saveArticleInfo - ==> Parameters: 1(Integer), false(Boolean), false(Boolean), 5(Integer)
2025-05-27 16:19:03.399 [scheduling-1] DEBUG c.C.P.Dao.mybatisDao.saveArticleInfo - <==    Updates: 1
2025-05-27 16:19:03.402 [scheduling-1] DEBUG c.C.P.Dao.mybatisDao.saveArticleInfo - ==>  Preparing: INSERT INTO articleinfo (user_id, is_like, is_star,article_id) VALUES (?, ?,? ,?)
2025-05-27 16:19:03.402 [scheduling-1] DEBUG c.C.P.Dao.mybatisDao.saveArticleInfo - ==> Parameters: 2(Integer), true(Boolean), false(Boolean), 2(Integer)
2025-05-27 16:19:03.404 [scheduling-1] DEBUG c.C.P.Dao.mybatisDao.saveArticleInfo - <==    Updates: 1
2025-05-27 16:19:03.407 [scheduling-1] DEBUG c.C.P.Dao.mybatisDao.saveArticleInfo - ==>  Preparing: INSERT INTO articleinfo (user_id, is_like, is_star,article_id) VALUES (?, ?,? ,?)
2025-05-27 16:19:03.407 [scheduling-1] DEBUG c.C.P.Dao.mybatisDao.saveArticleInfo - ==> Parameters: 12(Integer), true(Boolean), false(Boolean), 2(Integer)
2025-05-27 16:19:03.409 [scheduling-1] DEBUG c.C.P.Dao.mybatisDao.saveArticleInfo - <==    Updates: 1
2025-05-27 16:19:03.411 [scheduling-1] DEBUG c.C.P.Dao.mybatisDao.saveArticleInfo - ==>  Preparing: INSERT INTO articleinfo (user_id, is_like, is_star,article_id) VALUES (?, ?,? ,?)
2025-05-27 16:19:03.412 [scheduling-1] DEBUG c.C.P.Dao.mybatisDao.saveArticleInfo - ==> Parameters: 2(Integer), true(Boolean), false(Boolean), 4(Integer)
2025-05-27 16:19:03.413 [scheduling-1] DEBUG c.C.P.Dao.mybatisDao.saveArticleInfo - <==    Updates: 1
2025-05-27 16:19:03.416 [scheduling-1] DEBUG c.C.P.Dao.mybatisDao.saveArticleInfo - ==>  Preparing: INSERT INTO articleinfo (user_id, is_like, is_star,article_id) VALUES (?, ?,? ,?)
2025-05-27 16:19:03.417 [scheduling-1] DEBUG c.C.P.Dao.mybatisDao.saveArticleInfo - ==> Parameters: 12(Integer), false(Boolean), false(Boolean), 4(Integer)
2025-05-27 16:19:03.419 [scheduling-1] DEBUG c.C.P.Dao.mybatisDao.saveArticleInfo - <==    Updates: 1
2025-05-27 16:19:03.457 [scheduling-1] WARN  o.h.p.entity.AbstractEntityPersister - HHH000502: The [user] property of the [com.CloudWhite.PersonalBlog.Entity.article.article] entity was modified, but it won't be updated because the property is immutable.
2025-05-27 16:19:03.459 [scheduling-1] WARN  o.h.p.entity.AbstractEntityPersister - HHH000502: The [user] property of the [com.CloudWhite.PersonalBlog.Entity.article.article] entity was modified, but it won't be updated because the property is immutable.
2025-05-27 16:19:03.460 [scheduling-1] WARN  o.h.p.entity.AbstractEntityPersister - HHH000502: The [user] property of the [com.CloudWhite.PersonalBlog.Entity.article.article] entity was modified, but it won't be updated because the property is immutable.
2025-05-27 16:19:03.461 [scheduling-1] WARN  o.h.p.entity.AbstractEntityPersister - HHH000502: The [user] property of the [com.CloudWhite.PersonalBlog.Entity.article.article] entity was modified, but it won't be updated because the property is immutable.
2025-05-27 16:19:03.462 [scheduling-1] WARN  o.h.p.entity.AbstractEntityPersister - HHH000502: The [user] property of the [com.CloudWhite.PersonalBlog.Entity.article.article] entity was modified, but it won't be updated because the property is immutable.
2025-05-27 16:19:03.462 [scheduling-1] WARN  o.h.p.entity.AbstractEntityPersister - HHH000502: The [user] property of the [com.CloudWhite.PersonalBlog.Entity.article.article] entity was modified, but it won't be updated because the property is immutable.
2025-05-27 16:19:03.462 [scheduling-1] WARN  o.h.p.entity.AbstractEntityPersister - HHH000502: The [user] property of the [com.CloudWhite.PersonalBlog.Entity.article.article] entity was modified, but it won't be updated because the property is immutable.
2025-05-27 16:19:06.745 [http-nio-8081-exec-1] INFO  o.a.c.c.C.[Tomcat].[localhost].[/] - Initializing Spring DispatcherServlet 'dispatcherServlet'
2025-05-27 16:19:06.746 [http-nio-8081-exec-1] INFO  o.s.web.servlet.DispatcherServlet - Initializing Servlet 'dispatcherServlet'
2025-05-27 16:19:06.752 [http-nio-8081-exec-1] INFO  o.s.web.servlet.DispatcherServlet - Completed initialization in 5 ms
2025-05-27 16:22:03.486 [scheduling-1] WARN  o.h.p.entity.AbstractEntityPersister - HHH000502: The [user] property of the [com.CloudWhite.PersonalBlog.Entity.article.article] entity was modified, but it won't be updated because the property is immutable.
2025-05-27 16:22:03.488 [scheduling-1] WARN  o.h.p.entity.AbstractEntityPersister - HHH000502: The [user] property of the [com.CloudWhite.PersonalBlog.Entity.article.article] entity was modified, but it won't be updated because the property is immutable.
2025-05-27 16:22:03.490 [scheduling-1] WARN  o.h.p.entity.AbstractEntityPersister - HHH000502: The [user] property of the [com.CloudWhite.PersonalBlog.Entity.article.article] entity was modified, but it won't be updated because the property is immutable.
2025-05-27 16:22:03.491 [scheduling-1] WARN  o.h.p.entity.AbstractEntityPersister - HHH000502: The [user] property of the [com.CloudWhite.PersonalBlog.Entity.article.article] entity was modified, but it won't be updated because the property is immutable.
2025-05-27 16:22:03.492 [scheduling-1] WARN  o.h.p.entity.AbstractEntityPersister - HHH000502: The [user] property of the [com.CloudWhite.PersonalBlog.Entity.article.article] entity was modified, but it won't be updated because the property is immutable.
2025-05-27 16:22:03.492 [scheduling-1] WARN  o.h.p.entity.AbstractEntityPersister - HHH000502: The [user] property of the [com.CloudWhite.PersonalBlog.Entity.article.article] entity was modified, but it won't be updated because the property is immutable.
2025-05-27 16:22:03.493 [scheduling-1] WARN  o.h.p.entity.AbstractEntityPersister - HHH000502: The [user] property of the [com.CloudWhite.PersonalBlog.Entity.article.article] entity was modified, but it won't be updated because the property is immutable.
2025-05-27 16:24:01.564 [SpringApplicationShutdownHook] INFO  o.s.b.w.e.tomcat.GracefulShutdown - Commencing graceful shutdown. Waiting for active requests to complete
2025-05-27 16:24:02.532 [tomcat-shutdown] INFO  o.s.b.w.e.tomcat.GracefulShutdown - Graceful shutdown complete
2025-05-27 16:24:02.570 [SpringApplicationShutdownHook] INFO  o.s.o.j.LocalContainerEntityManagerFactoryBean - Closing JPA EntityManagerFactory for persistence unit 'default'
2025-05-27 16:24:02.573 [SpringApplicationShutdownHook] INFO  com.zaxxer.hikari.HikariDataSource - HikariPool-1 - Shutdown initiated...
2025-05-27 16:24:02.583 [SpringApplicationShutdownHook] INFO  com.zaxxer.hikari.HikariDataSource - HikariPool-1 - Shutdown completed.
